Digvijay,18051,digvijay
chetan,1826,chetan
mary79,287KJI,mary79
landrythomas,QTDSL7,landrythomas
emilyaustin,L5I4PN,emilyaustin
ujimenez,F6OW20,ujimenez
todd81,C2PIM0,todd81
mackenziewilliams,6IHKTP,mackenziewilliams
ncastillo,77SZUO,ncastillo
qvega,OPCPEK,qvega
mooredavid,PRF24B,mooredavid
yjohnson,N64HM4,yjohnson
richardleach,U04CLV,richardleach
debbie91,327715,debbie91
jenniferthompson,D04JF8,jenniferthompson
khogan,FB7F7J,khogan
cindygilbert,GSW5Q2,cindygilbert
samueledwards,AS1I0W,samueledwards
lindacollins,OASWKQ,lindacollins
sedwards,AMBPVM,sedwards
qgaines,R40S91,qgaines
darrellreed,CF70UE,darrellreed
cmccormick,IVAQ18,cmccormick
chrisking,SIGBBQ,chrisking
judithgomez,4E6HT1,judithgomez
qthomas,V9385L,qthomas
wgreen,2QHME3,wgreen
sandrakirby,IBJR1C,sandrakirby
aduncan,FBI5CY,aduncan
emilyandersen,JS9U7S,emilyandersen
randyjones,MCBW18,randyjones
iashley,W4WXG1,iashley
jameschristina,KVYGJ4,jameschristina
umorgan,ER3A41,umorgan
hflores,IPYE4P,hflores
qhensley,KYGSOY,qhensley
michaelmiller,IR7BO2,michaelmiller
bryanbrown,B26U5Q,bryanbrown
wanda35,VJW4A2,wanda35
michelle70,CQZNV4,michelle70
gconley,7A770W,gconley
tonyapeterson,FGDNRO,tonyapeterson
jsalas,4C35BU,jsalas
xhall,QY841Y,xhall
hannahgreen,WXQVHL,hannahgreen
william92,FKYGUX,william92
washingtonellen,71HDOR,washingtonellen
adamsgrace,8B3HLV,adamsgrace
friedmanmichael,MJF4VF,friedmanmichael
benjamin02,W03UPP,benjamin02
tayloramber,LQ4GWI,tayloramber
greggarcia,BMMD0Y,greggarcia
millerscott,8BSGHJ,millerscott
jason91,YHKJ3A,jason91
wilsonjulia,UZ38WM,wilsonjulia
kristencarter,V2T8HX,kristencarter
victoriamorris,PVMG0I,victoriamorris
loweryjoe,9XXHES,loweryjoe
jeffrey21,W3CINC,jeffrey21
jgarcia,QW8KGC,jgarcia
acook,QU8KJP,acook
walkerpatricia,Z41VS2,walkerpatricia
georgedean,YMEH0F,georgedean
ygibson,ZZ5O0T,ygibson
daviddalton,JQOAVM,daviddalton
daviskelly,YED7RT,daviskelly
vmartinez,H84MSL,vmartinez
mccartylindsay,UKTDF7,mccartylindsay
xpalmer,CKYBDU,xpalmer
andreanelson,56YGY5,andreanelson
hicksdawn,C6MV2C,hicksdawn
orivera,FGO2FY,orivera
jimmy71,9HQ7IF,jimmy71
melissaperez,I82QNJ,melissaperez
gilberteric,E2M7OD,gilberteric
sarah28,AXG03D,sarah28
spencerlarry,EY9B4F,spencerlarry
patricksmith,B16ZJS,patricksmith
yhenderson,RZDW2O,yhenderson
joshuajohnston,EIR10L,joshuajohnston
tlee,JSDG3D,tlee
derekrobertson,TZHEPA,derekrobertson
fvincent,ZR69YY,fvincent
smitchell,LC5LLL,smitchell
kevin96,IVM8NJ,kevin96
yorkstephanie,6VVVFH,yorkstephanie
nicholaswest,02DLBX,nicholaswest
carrolltanya,GTCA4A,carrolltanya
ggordon,VFQN1F,ggordon
njohnson,DG9MR6,njohnson
ddean,YIRM93,ddean
rasmussenchad,I7YKYC,rasmussenchad
alee,HUOLZW,alee
lisabradley,Q999AU,lisabradley
natashaduke,PJWXEG,natashaduke
ybecker,ULZGUJ,ybecker
jenniferyork,SK0T5Y,jenniferyork
ryanshaw,ULCXYV,ryanshaw
simpsondonna,UI94OV,simpsondonna
weberhannah,W3LCIA,weberhannah
nmartin,V7IJFO,nmartin
xgreen,NEZCCJ,xgreen
kennethmacias,WRR6TG,kennethmacias
barbara91,1LDU9V,barbara91
chaynes,OV2NI2,chaynes
micheleconley,BY8P9E,micheleconley
amandaburns,4SN9SF,amandaburns
ngriffith,GZ73RX,ngriffith
stephanie60,XY0JMP,stephanie60
ucoleman,Q9O0VN,ucoleman
robertwilson,POTDJT,robertwilson
andersenangela,9B7E4L,andersenangela
joshua06,6P03TX,joshua06
gjordan,VDRK0K,gjordan
adamgonzalez,BG6HKC,adamgonzalez
hodgejeremy,1CISIX,hodgejeremy
porterbrandon,LAX8IF,porterbrandon
wryan,03VOOA,wryan
pauladean,RLS4CJ,pauladean
echavez,OJGGZZ,echavez
kiddgabriela,3NKE9U,kiddgabriela
lenicholas,5LZ4IL,lenicholas
ericreynolds,SE79L1,ericreynolds
kimsummers,5O6LHZ,kimsummers
kbradford,UPIOXQ,kbradford
xwilcox,2ZDGZ4,xwilcox
kellyvicki,ZO6B9O,kellyvicki
davidallen,LMVNRX,davidallen
john41,6Z9NT2,john41
iwilliams,600ZKP,iwilliams
robertobowers,B5K98A,robertobowers
lopezmolly,ZP7YXE,lopezmolly
crystal24,0RM2K1,crystal24
fwilson,JC4FQU,fwilson
reginald76,B73VR5,reginald76
bakerkathleen,RDKXTS,bakerkathleen
csmith,0NMRFV,csmith
ivillanueva,3LSHE1,ivillanueva
zleonard,7N3UO7,zleonard
whanson,V7CVVI,whanson
cody78,3ES6FS,cody78
dking,DE130Z,dking
xhuerta,4C3C9U,xhuerta
amy30,WXIY25,amy30
renee54,P0Y2ED,renee54
nicholasjohnson,CHNYWX,nicholasjohnson
jill46,BNL06C,jill46
ortizjames,BD4CDN,ortizjames
brenda97,64H887,brenda97
nramirez,O60OZH,nramirez
stephanieliu,FTQW1H,stephanieliu
jorge93,1VVWK2,jorge93
Pratik,1261K,pratik
