Title,Author,Domain
Air pollution control engineering,"Nevers, N.d. ",Civil Engineering
Air pollution engineering manual,"Davis, W.T. ",Civil Engineering
Environmental impact assessment,"Shrivastava, A.K. ",Civil Engineering
Irrigation: theory and practice,"Michael, A. M. ",Civil Engineering
Reliability assessment using stochastic finite element analysis,"Haldar, A.and Mahadevan , S. ",Civil Engineering
Stochastic finite elements: A spectral approach,"Ghanem, R.G. ",Civil Engineering
Introduction to soil mechanics,Bodo B. ,Civil Engineering
Understanding building failures,"Douglas, J. ",Civil Engineering
Building materials,"Varghese, P.C. ",Civil Engineering
Fluid mechanics,"Fox, R.W. ",Civil Engineering
Computational fluid dynamics,"Chung, T.J. ",Civil Engineering
Integrated solid waste management: engineering principles and management issues,"Tchobanoglous, G. ",Civil Engineering
Fundamentals of Wavelets,"Goswami, Jaideva",Computer Engineering
Data Smart,"Foreman, John",Computer Engineering
God Created the Integers,"Hawking, Stephen",Computer Engineering
"Nature of Statistical Learning Theory, The","Vapnik, Vladimir",Computer Engineering
Image Processing & Mathematical Morphology,"Shih, Frank",Computer Engineering
Data Scientists at Work,Sebastian Gutierrez,Computer Engineering
Structure & Interpretation of Computer Programs,"Sussman, Gerald",Computer Engineering
Statistical Decision Theory',"Pratt, John",Computer Engineering
Data Mining Handbook,"Nisbet, Robert",Computer Engineering
Making Software,"Oram, Andy",Computer Engineering
"Analysis, Vol I","Tao, Terence",Computer Engineering
Machine Learning for Hackers,"Conway, Drew",Computer Engineering
"Signal and the Noise, The","Silver, Nate",Computer Engineering
Python for Data Analysis,"McKinney, Wes",Computer Engineering
Introduction to Algorithms,"Cormen, Thomas",Computer Engineering
Soft Computing & Intelligent Systems,"Gupta, Madan",Computer Engineering
Textbook of Economic Theory,"Stonier, Alfred",Computer Engineering
Econometric Analysis,"Greene, W. H.",Computer Engineering
Learning OpenCV,"Bradsky, Gary",Computer Engineering
Data Structures Using C & C++,"Tanenbaum, Andrew",Computer Engineering
"Computer Vision, A Modern Approach","Forsyth, David",Computer Engineering
Principles of Communication Systems,"Taub, Schilling",Computer Engineering
Let Us C,"Kanetkar, Yashwant",Computer Engineering
"Social Choice & Welfare, Vol 39 No. 1",Various,Computer Engineering
Pattern Classification,"Duda, Hart",Computer Engineering
Elements of Information Theory,"Thomas, Joy",Computer Engineering
Power Electronics - Rashid,"Rashid, Muhammad",Computer Engineering
Power Electronics - Mohan,"Mohan, Ned",Computer Engineering
Neural Networks,"Haykin, Simon",Computer Engineering
Statistical Learning Theory,"Vapnik, Vladimir",Computer Engineering
Pointers in C,"Kanetkar, Yashwant",Computer Engineering
"Cathedral and the Bazaar, The","Raymond, Eric",Computer Engineering
Design with OpAmps,"Franco, Sergio",Computer Engineering
Think Complexity,"Downey, Allen",Computer Engineering
Data Analysis with Open Source Tools,"Janert, Phillip",Computer Engineering
Image Processing with MATLAB,"Eddins, Steve",Computer Engineering
"Foundations of Analog and Digital Electronic Circuits","Anant Agarwal",Electrical Engineering
Microwave Engineering, " David M. Pozar", Electrical Engineering
The Art of Electronics (Hardcover),"Paul Horowitz", Electronics Engineering
"Computer Engineering: Hardware Design", "M. Morris Mano", Computer Engineering
"Instructor's Solutions Manual To Accompany "Design Of Analog Filters" (The Oxford Series In Electrical & Computer Engineering)", "Rolf Schaumann", Computer Engineering
"A guide to get a top 50 rank in JEE!: IIT Bombay, Computer Science and Engineering", "M.E. Van Valkenburg", Computer Engineering
"The Beginner's Guide to Engineering: Computer Engineering", "Aman Goel", Computer Engineering
"Microelectronic Circuits (Oxford Series in Electrical and Computer Engineering)", "James Lance", Computer Engineering
"Essentials of Electrical and Computer Engineering [With Removable Reference Cards]", "Adel S. Sedra", Computer Engineering
"Solutions Manual Accompanying "Elements Of Electromagnetics" (The Oxford Series In Electrical & Computer Engineering)", "Kenneth C. Smith", Computer Engineering
"Introduction to Electrical and Computer Engineering", "David V. Kerns", Computer Engineering
"Marketing Engineering: Computer-Assisted Marketing Analysis and Planning", "J. David Irwin", Computer Engineering
"Digital Principles and Logic Design (Engineering) (Computer Science) (Engineering Series)", "Matthew N.O. Sadiku", Computer Engineering
"FE Exam Review: Electrical and Computer Engineering", "Jerry Sagliocca", Computer Engineering
"Introductory Circuits for Electrical and Computer Engineering", "Charles D. Fledderman", Computer Engineering
"Fundamentals of computer algorithms (Computer software engineering series)", "Martin Bradshaw", Computer Engineering
"Fundamentals of data structures (Computer software engineering series)", "Charles D. Fledderman", Computer Engineering
"Basic Computer Engineering", "Gary L. Lilien", Computer Engineering
"The Computer Engineering Handbook", "Arvind Rangaswamy", Computer Engineering
"Bayesian Methods in the Search for MH370", "Arijit Saha", Computer Engineering
"The Computer Science and Engineering Handbook", "Nilotpal Manna", Computer Engineering
"Computer Engineering", "Myron E. Sveum", Computer Engineering
"The Oxbridge Formula: Get into Oxford & Cambridge for: Maths; Computer Science; Physics; Engineering; Natural Sciences; Economics; PPE... and more!", "James W. Nilsson", Computer Engineering
