Book Title,Author,Series Title,Subject Classification
Fundamentals of Power Electronics,"Robert W. Erickson, Dragan Maksimovic",Electrical Engineering,
Handbook of the Life Course,"Jeylan T. Mortimer, Michael J. Shanahan",Sociology and Social Research,"Social Sciences; Sociology, general; Clinical Psychology; Population Economics"
All of Statistics,Larry Wasserman,Statistics,"Mathematics; Computational Mathematics and Numerical Analysis; Probability Theory and Stochastic Processes; Complex Systems; Statistical Theory and Methods; Probability and Statistics in Computer Science; Statistics for Engineering, Physics, Computer Science, Chemistry and Earth Sciences"
Social Anxiety and Social Phobia in Youth,Christopher Kearney,Psychology,Psychology; Clinical Psychology; Personality and Social Psychology; Community and Environmental Psychology
Discrete Mathematics,"László Lovász, József Pelikán, Katalin Vesztergombi",Mathematics,Mathematics; Combinatorics; Number Theory
Developmental Neurobiology,"Mahendra S. Rao, Marcus Jacobson",,Biomedicine; Neurosciences; Anatomy; Neurobiology
Intuitive Probability and Random Processes using MATLAB,Steven Kay,Computer Engineering,"Engineering; Communications Engineering, Networks; Mathematical Software; Mathematical and Computational Engineering; Signal, Image and Speech Processing; Probability Theory and Stochastic Processes; Fourier Analysis"
Handbook of Disaster Research,"Havidan Rodriguez, Enrico L. Quarantelli, Russell Dynes",Handbooks of Sociology and Social Research,"Social Sciences; Sociology, general; Public Health; Demography"
Handbook of the Sociology of Gender,Janet Saltzman Chafetz,Handbooks of Sociology and Social Research,"Social Sciences; Sociology, general; Social Sciences, general; Personality and Social Psychology"
Handbook of Sociological Theory,Jonathan H. Turner,Handbooks of Sociology and Social Research,"Social Sciences; Sociology, general; Political Science"
Clinical Neuroanatomy,"John Mendoza, Anne Foundas",,"Psychology; Neuropsychology; Psychiatry; Anatomy; Psychology, general"
Acquired Brain Injury,"Jean Elbaum, Deborah Benson",,Psychology; Neuropsychology; Rehabilitation; Behavioral Therapy; Rehabilitation Medicine
Numerical Optimization,"Jorge Nocedal, Stephen Wright",Mathematics,"Mathematics; Optimization; Calculus of Variations and Optimal Control; Optimization; Systems Theory, Control; Computational Mathematics and Numerical Analysis; Operations Research/Decision Theory"
Handbook of Biological Confocal Microscopy,James Pawley,,"Life Sciences; Biochemistry, general; Biotechnology"
Ceramic Materials,"C. Barry Carter, M. Grant Norton",,"Materials Science; Ceramics, Glass, Composites, Natural Materials; Industrial and Production Engineering; Characterization and Evaluation of Materials; Inorganic Chemistry; Nanotechnology"
Principles of Fluorescence Spectroscopy,Joseph R. Lakowicz,,"Chemistry; Mass Spectrometry; Analytical Chemistry; Biological and Medical Physics, Biophysics; Biochemistry, general; Biotechnology; Physical Chemistry"
Fundamentals of Biomechanics,Duane Knudson,,"Biomedicine; Human Physiology; Biological and Medical Physics, Biophysics; Biomedical Engineering; Sports Medicine"
Primer on the Rheumatic Diseases,"John H. Klippel, John H. Stone, L eslie J. Crofford, Patience H. White",,Medicine & Public Health; Rheumatology; Orthopedics; Dermatology; Primary Care Medicine; Internal Medicine; Endocrinology
International Handbook of Historical Archaeology,"Teresita Majewski, David Gaimster",,Social Sciences; Archaeology; Cultural Heritage
Database Marketing,"Robert C. Blattberg, Byung-Do Kim, Scott A. Neslin",International Series in Quantitative Marketing,Business and Management; Market Research/Competitive Intelligence; Marketing; Management; Innovation/Technology Management
Composite Materials,Krishan K. Chawla,,"Materials Science; Ceramics, Glass, Composites, Natural Materials; Engineering Design; Polymer Sciences; Mechanical Engineering; Civil Engineering"
Time Series Analysis,"Jonathan D. Cryer, Kung-Sik Chan",Springer Texts in Statistics,Mathematics; Probability Theory and Stochastic Processes; Statistical Theory and Methods; Actuarial Sciences
Transmission Electron Microscopy,"David B. Williams, C. Barry Carter",,Materials Science; Characterization and Evaluation of Materials; Nanotechnology; Solid State Physics; Spectroscopy and Microscopy
Handbook of Quantitative Criminology,"Alex R. Piquero, David Weisburd",,"Criminology and Criminal Justice; Criminology and Criminal Justice, general; Statistics for Social Science, Behavorial Science, Education, Public Policy, and Law; Methodology of the Social Sciences"
Plant Physiological Ecology,"Hans Lambers, F Stuart Chapin III, Thijs L. Pons",,Life Sciences; Plant Ecology; Plant Physiology; Plant Sciences; Ecology; Plant Anatomy/Development; Ecosystems
Introductory Statistics with R,Peter Dalgaard,Statistics and Computing,Mathematics; Probability Theory and Stochastic Processes; Statistics and Computing/Statistics Programs; Bioinformatics; Computer Appl. in Life Sciences
The Elements of Statistical Learning,"Trevor Hastie, Robert Tibshirani, Jerome Friedman",Springer Series in Statistics,Computer Science; Data Mining and Knowledge Discovery; Probability Theory and Stochastic Processes; Statistical Theory and Methods; Computational Biology/Bioinformatics; Computer Appl. in Life Sciences
"Psychology, Religion, and Spirituality",James M. Nelson,,"Psychology; Clinical Psychology; Religious Studies, general"
Introductory Time Series with R,"Paul S.P. Cowpertwait, Andrew V. Metcalfe",Use R!,"Mathematics; Probability Theory and Stochastic Processes; Statistical Theory and Methods; Probability and Statistics in Computer Science; Marketing; Econometrics; Signal, Image and Speech Processing"
Child Neuropsychology,"Margaret Semrud-Clikeman, Phyllis Anne Teeter Ellison",,Psychology; Child and School Psychology; Neuropsychology
A Beginner's Guide to R,"Alain Zuur, Elena N. Ieno, Erik Meesters",Use R!,"Statistics; Statistics and Computing/Statistics Programs; Theoretical Ecology/Statistics; Statistics for Life Sciences, Medicine, Health Sciences"
Geomorphology of Desert Environments,"Anthony J. Parsons, A. D. Abrahams",,Geography; Geomorphology; Physical Geography; Geoecology/Natural Processes; Hydrogeology
The Joy of Science,Richard A. Lockshin,,"Biomedicine; Biomedicine, general; Evolutionary Biology; Microbial Genetics and Genomics; Popular Science in Nature and Environment"
Fatigue of Structures and Materials,J. Schijve,Civil Engineering,Engineering; Mechanical Engineering; Engineering Design; Structural Materials; Metallic Materials
Essential Astrophysics,Kenneth R. Lang,Undergraduate Lecture Notes in Physics,"Physics; Astrophysics and Astroparticles; Space Sciences (including Extraterrestrial Physics, Space Exploration and Astronautics); Astrobiology"
Introduction to Evolutionary Computing,"A.E. Eiben, J.E. Smith",Computer Engineering,Computer Science; Computational Intelligence; Theory of Computation; Robotics and Automation; Optimization
Data Analysis,Siegmund Brandt,,"Physics; Mathematical Methods in Physics; Mathematical and Computational Engineering; Statistics for Engineering, Physics, Computer Science, Chemistry and Earth Sciences; Math. Applications in Chemistry; Numerical and Computational Physics, Simulation"
International Perspectives on Psychotherapy,Stefan G. Hofmann,,Psychology; Clinical Psychology
Electrical Machines,Slobodan N. Vukosavic,Power Electronics and Power Systems,"Energy; Energy Systems; Power Electronics, Electrical Machines and Networks; Machinery and Machine Elements; Mechatronics; Industrial and Production Engineering"
Mechanics and Thermodynamics,Wolfgang Demtröder,Undergraduate Lecture Notes in Physics,Physics; Classical Mechanics; Thermodynamics
Applied Behavior Analysis,"Kimberly Maich, Darren Levine, Carmen Hall",,Psychology; Child and School Psychology; Behavioral Therapy
"Reading, Writing, and Proving","Ulrich Daepp, Pamela Gorkin",Undergraduate Texts in Mathematics,Mathematics; Mathematical Logic and Foundations; Analysis; Number Theory
Linear and Nonlinear Programming,"David G. Luenberger, Yinyu Ye",International Series in Operations Research & Management Science,"Business and Management; Operations Research/Decision Theory; Operations Research, Management Science; Mathematical Modeling and Industrial Mathematics; Engineering Economics, Organization, Logistics, Marketing"
Introduction to Partial Differential Equations,David Borthwick,Universitext,Mathematics; Partial Differential Equations; Mathematical Applications in the Physical Sciences
Energy Storage,Robert Huggins,,Energy; Energy Storage; Optical and Electronic Materials; Renewable and Green Energy; Electrochemistry
Metabolism of Human Diseases,"Eckhard Lammert, Martin Zeeb",,"Biomedicine; Human Physiology; Metabolic Diseases; Biochemistry, general; Metabolomics"
Sensory Evaluation of Food,"Harry T. Lawless, Hildegarde Heymann",Food Science Text Series,Chemistry; Food Science; Neurochemistry; Receptors
Fundamentals of Robotic Mechanical Systems,Jorge Angeles,Mechanical Engineering Series,Engineering; Mechanical Engineering; Robotics and Automation
Integrative Human Biochemistry,"Andrea T. da Poian, Miguel A. R. B. Castanho",,Biomedicine; Human Physiology; Medical Biochemistry; Animal Biochemistry; Medicinal Chemistry
Philosophy of Science for Scientists,Lars-Göran Johansson,Springer Undergraduate Texts in Philosophy,Philosophy; Philosophy of Science; History and Philosophical Foundations of Physics; Mathematical Logic and Foundations
Particles and Nuclei,"Bogdan Povh, Klaus Rith, Christoph Scholz, Frank Zetsche, Werner Rodejohann",Graduate Texts in Physics,"Physics; Quantum Physics; Elementary Particles, Quantum Field Theory"
Data Structures and Algorithms with Python,"Kent D. Lee, Steve Hubbard",Undergraduate Topics in Computer Science,Computer Science; Data Structures; Python; Algorithm Analysis and Problem Complexity; Programming Techniques
LGBT-Parent Families,"Abbie E. Goldberg, Katherine R. Allen",,Social Sciences; Family; Gender Studies; Public Health; Social Policy
Integrated Neuroscience,"Elliott M. Marcus, Stanley Jacobson",,Biomedicine; Neurosciences; Neurology
Introduction to Partial Differential Equations,Peter J. Olver,Undergraduate Texts in Mathematics,Mathematics; Partial Differential Equations; Complex Systems; Fourier Analysis
Microeconomics,Peter Dorman,Springer Texts in Business and Economics,Economics; Microeconomics; International Political Economy
System Dynamics,"Bilash Kanti Bala, Fatimah Mohamed Arshad, Kusairi Mohd Noh",Springer Texts in Business and Economics,Economics; Agricultural Economics; Mathematical Modeling and Industrial Mathematics; Mathematical and Computational Engineering; Industrial Organization
Cosmology for the Curious,"Delia Perlov, Alex Vilenkin",,"Physics; Cosmology; Classical and Quantum Gravitation, Relativity Theory; Particle and Nuclear Physics; History and Philosophical Foundations of Physics; Philosophy of Religion"
Methods of Mathematical Modelling,"Thomas Witelski, Mark Bowen",Springer Undergraduate Mathematics Series,Mathematics; Ordinary Differential Equations; Partial Differential Equations; Mathematical Applications in the Physical Sciences; Mathematical Modeling and Industrial Mathematics; Calculus of Variations and Optimal Control; Optimization
Introduction to Logic Circuits & Logic Design with Verilog,Brock J. LaMeres,,Engineering; Circuits and Systems; Processor Architectures; Logic Design
Structural Analysis,"O. A. Bauchau, J.I. Craig",Solid Mechanics and Its Applications,"Engineering; Mechanical Engineering; Astronomy, Astrophysics and Cosmology; Aerospace Technology and Astronautics; Theoretical and Applied Mechanics"
Engineering Flow and Heat Exchange,Octave Levenspiel,,"Chemistry; Industrial Chemistry/Chemical Engineering; Engineering Thermodynamics, Heat and Mass Transfer; Engineering Fluid Dynamics; Mechanical Engineering; Thermodynamics"
Enterprise Risk Management Models,"David L. Olson, Desheng Dash Wu",Springer Texts in Business and Economics,Business and Management; Operations Management; Risk Management
Reactive Power Control in AC Power Systems,"Naser Mahdavi Tabatabaei, Ali Jafari Aghbolaghi, Nicu Bizon, Frede Blaabjerg",Power Systems,"Engineering; Power Electronics, Electrical Machines and Networks; Energy Systems; Control"
Principles of Microeconomics,Martin Kolmar,Springer Texts in Business and Economics,Economics; Microeconomics; Behavioral/Experimental Economics; History of Economic Thought/Methodology; Game Theory; Institutional/Evolutionary Economics
Additive Manufacturing Technologies,"Ian Gibson, David W. Rosen, Brent Stucker",,Engineering; Engineering Design; Industrial Chemistry/Chemical Engineering; Industrial and Production Engineering; Mechanical Engineering
Principles of Physics,"Hafez  A . Radi, John O Rasmussen",Undergraduate Lecture Notes in Physics,"Physics; Classical and Continuum Physics; Classical Mechanics; Classical Electrodynamics; Magnetism, Magnetic Materials; Mechanical Engineering; Electrical Engineering"
Fundamentals of Biomechanics,"Nihat Özkaya, Dawn Leger, David Goldsheyder, Margareta Nordin",,Biomedicine; Human Physiology; Sports Medicine; Biomedical Engineering; Biomedical Engineering/Biotechnology; Orthopedics; Rehabilitation
Irrigation and Drainage Engineering,"Peter Waller, Muluneh Yitayew",,"Earth Sciences; Hydrogeology; Water Industry/Water Technologies; Soil Science & Conservation; Geoengineering, Foundations, Hydraulics"
LaTeX in 24 Hours,Dilip Datta,,Popular Science; Popular Computer Science; Programming Techniques
Psychology of Perception,Simon Grondin,,Psychology; Cognitive Psychology
Extragalactic Astronomy and Cosmology,Peter Schneider,,"Physics; Astronomy, Astrophysics and Cosmology"
Automata and Computability,Dexter C. Kozen,Undergraduate Texts in Computer Science,Computer Science; Computation by Abstract Devices; Algorithm Analysis and Problem Complexity
The Algorithm Design Manual,Steven S Skiena,,Computer Science; Software Engineering/Programming and Operating Systems; Programming Techniques; Algorithm Analysis and Problem Complexity; Theory of Computation; Algorithms; Discrete Mathematics in Computer Science
Chemical Thermodynamics,Ernö Keszei,,"Chemistry; Physical Chemistry; Thermodynamics; Engineering Thermodynamics, Heat and Mass Transfer; Industrial Chemistry/Chemical Engineering; Materials Science, general; Biochemistry, general"
Computational Physics,Philipp O.J. Scherer,Graduate Texts in Physics,"Physics; Numerical and Computational Physics, Simulation; Mathematical Applications in the Physical Sciences; Mathematical and Computational Engineering; Theoretical and Computational Chemistry"
Introduction to Statistics and Data Analysis ,"Christian Heumann, Michael Schomaker,  Shalabh",,Statistics; Statistical Theory and Methods; Statistics for Business/Economics/Mathematical Finance/Insurance; Econometrics; Macroeconomics/Monetary Economics//Financial Economics
Grammar for Teachers,Andrea DeCapua,Springer Texts in Education,Education; Language Education; Learning and Instruction; Sociology of Education
Time Series Econometrics,Klaus Neusser,Springer Texts in Business and Economics,Economics; Econometrics; Macroeconomics/Monetary Economics//Financial Economics; Statistics for Business/Economics/Mathematical Finance/Insurance
Electrochemistry,"Christine Lefrou, Pierre Fabry, Jean-Claude Poignet",,Chemistry; Electrochemistry; Energy Storage; Optical and Electronic Materials; Thermodynamics; Electrical Engineering
Classical Fourier Analysis,Loukas Grafakos,Graduate Texts in Mathematics,Mathematics; Fourier Analysis; Abstract Harmonic Analysis; Functional Analysis
Human Chromosomes,"Orlando J. Miller, Eeva Therman",,"Biomedicine; Human Genetics; Anatomy; Cell Biology; Life Sciences, general; Molecular Medicine"
Phylogenomics,Christoph Bleidorn,,Life Sciences; Evolutionary Biology; Human Genetics; Bioinformatics; Microbial Genetics and Genomics; Animal Genetics and Genomics
Quantum Theory for Mathematicians,Brian C. Hall,Graduate Texts in Mathematics,"Mathematics; Mathematical Physics; Mathematical Applications in the Physical Sciences; Quantum Physics; Functional Analysis; Topological Groups, Lie Groups; Mathematical Methods in Physics"
Evidence-Based Critical Care,Robert C. Hyzy,,Medicine & Public Health; Intensive / Critical Care Medicine
Clinical Assessment of Child and Adolescent Personality and Behavior,"Paul J. Frick, Christopher T. Barry, Randy W. Kamphaus",,"Psychology; Child and School Psychology; Psychotherapy and Counseling; Education, general"
Design Research in Information Systems,"Alan Hevner, Samir Chatterjee",Integrated Series in Information Systems,Business and Management; IT in Business; Management of Computing and Information Systems; Information Systems and Communication Service; Models and Principles; Information Systems Applications (incl.Internet); e-Commerce/e-business
Intermediate Physics for Medicine and Biology,"Russell K. Hobbie, Bradley J. Roth",,"Physics; Biological and Medical Physics, Biophysics; Biomedical Engineering; Neurosciences; Human Physiology; Physiological, Cellular and Medical Topics"
Principles of Data Mining,Max Bramer,Undergraduate Topics in Computer Science,Computer Science; Information Storage and Retrieval; Database Management; Programming Techniques
Fundamental Astronomy,"Hannu Karttunen, Pekka Kröger, Heikki Oja, Markku Poutanen, Karl Johan Donner",,"Physics; Astronomy, Astrophysics and Cosmology; Geophysics/Geodesy; Popular Science in Astronomy"
Fundamentals of Business Process Management,"Marlon Dumas, Marcello La Rosa, Jan Mendling, Hajo A. Reijers",,Computer Science; Computer Appl. in Administrative Data Processing; Business Process Management; Information Systems Applications (incl.Internet); Software Engineering
"Brownian Motion, Martingales, and Stochastic Calculus ",Jean-François Le Gall,Graduate Texts in Mathematics,"Mathematics; Probability Theory and Stochastic Processes; Quantitative Finance; Measure and Integration; Mathematical Modeling and Industrial Mathematics; Systems Theory, Control"
UML @ Classroom,"Martina Seidl, Marion Scholz, Christian Huemer, Gerti Kappel",Undergraduate Topics in Computer Science,Computer Science; Software Engineering; Management of Computing and Information Systems
Design and Analysis of Experiments,"Angela Dean, Daniel Voss, Danel Dragulji?",Springer Texts in Statistics,"Statistics; Statistical Theory and Methods; Probability Theory and Stochastic Processes; Statistics for Engineering, Physics, Computer Science, Chemistry and Earth Sciences"
Foundations for Designing User-Centered Systems,"Frank E. Ritter, Gordon D. Baxter, Elizabeth F. Churchill",,Computer Science; User Interfaces and Human Computer Interaction; Software Engineering
Handbook of Consumer Finance Research,Jing Jian Xiao,,Psychology; Psychology Research; Family; Social Policy
Principles of Terrestrial Ecosystem Ecology,"F Stuart Chapin III, Pamela A. Matson, Peter Vitousek",,Life Sciences; Ecology; Terrestial Ecology; Biodiversity; Ecosystems; Plant Ecology
Applied Multivariate Statistical Analysis,"Wolfgang Karl Härdle, Léopold Simar",,Statistics; Statistics for Business/Economics/Mathematical Finance/Insurance; Quantitative Finance; Economic Theory/Quantitative Economics/Mathematical Methods; Statistical Theory and Methods
Strategic International Management,"Dirk Morschett, Hanna Schramm-Klein, Joachim Zentes",,Business and Management; Business Strategy/Leadership; Management; Marketing
Computer Vision,Richard Szeliski,Texts in Computer Science,Computer Science; Image Processing and Computer Vision
Engineering Electromagnetics,Nathan Ida,,"Engineering; Signal, Image and Speech Processing; Information Systems and Communication Service; Communications Engineering, Networks"
Data Mining,Charu C. Aggarwal,,Computer Science; Data Mining and Knowledge Discovery; Pattern Recognition
International Trade Theory and Policy,Giancarlo Gandolfo,Springer Texts in Business and Economics,Economics; International Economics; European Integration; Political Economy/Economic Policy
Alternative Energy Sources,Efstathios E (Stathis) Michaelides,Green Energy and Technology,Energy; Renewable and Green Energy; Renewable and Green Energy; Sustainable Development; Energy Systems
Introduction to Electronic Commerce and Social Commerce,"Efraim Turban, Judy Whiteside, David King, Jon Outland",Springer Texts in Business and Economics,Business and Management; e-Business/e-Commerce; Business Information Systems
Computational Geometry,"Mark de Berg, Otfried Cheong, Marc van Kreveld, Mark Overmars",,"Computer Science; Theory of Computation; Geometry; Math Applications in Computer Science; Earth Sciences, general; Computer Graphics; Algorithm Analysis and Problem Complexity"
Elementary Mechanics Using Python,Anders Malthe-Sørenssen,Undergraduate Lecture Notes in Physics,"Physics; Classical Mechanics; Numerical and Computational Physics, Simulation; Mathematical Methods in Physics"
Energy Economics,"Peter Zweifel, Aaron Praktiknjo, Georg Erdmann",Springer Texts in Business and Economics,"Energy; Energy Policy, Economics and Management; Environmental Economics; Political Economy/Economic Policy; Energy Policy, Economics and Management; Industrial Organization"
Biomedical Informatics,"Edward H. Shortliffe, James J. Cimino",,"Medicine & Public Health; Health Informatics; Biomedicine, general"
"Robotics, Vision and Control",Peter Corke,Springer Tracts in Advanced Robotics,"Engineering; Robotics and Automation; Control; Image Processing and Computer Vision; Signal, Image and Speech Processing; Cognitive Psychology"
Acid-Base Diagrams,"Heike Kahlert, Fritz Scholz",,"Chemistry; Analytical Chemistry; Biochemistry, general; Environmental Chemistry; Inorganic Chemistry; Physical Chemistry; Geochemistry"
Brewing Science: A Multidisciplinary Approach,"Michael Mosher, Kenneth Trantham",,Chemistry; Food Science; Organic Chemistry
Learning Landscape Ecology,"Sarah E. Gergel, Monica G. Turner",,Life Sciences; Landscape Ecology; Landscape/Regional and Urban Planning; Terrestial Ecology; Monitoring/Environmental Analysis; Theoretical Ecology/Statistics
Probability,Jim Pitman,Springer Texts in Statistics,Mathematics; Probability Theory and Stochastic Processes; Statistical Theory and Methods
Modeling Life,"Alan Garfinkel, Jane Shevtsov, Yina Guo",,Mathematics; Mathematical and Computational Biology; Mathematical Modeling and Industrial Mathematics; Ordinary Differential Equations
Introduction to Plasma Physics and Controlled Fusion,Francis Chen,,"Physics; Plasma Physics; Nuclear Energy; Nuclear Energy; Space Sciences (including Extraterrestrial Physics, Space Exploration and Astronautics); Classical Electrodynamics"
Engineering Mechanics 1,"Dietmar Gross, Werner Hauger, Jörg Schröder, Wolfgang A. Wall, Nimal Rajapakse",,"Engineering; Mechanical Engineering; Civil Engineering; Electrical Engineering; Materials Science, general; Physics, general; Mathematics, general"
Principles of Polymer Chemistry,A. Ravve,,Chemistry; Polymer Sciences; Organic Chemistry; Physical Chemistry
A Primer on Scientific Programming with Python,Hans Petter Langtangen,Texts in Computational Science and Engineering,"Mathematics; Computational Science and Engineering; Programming Techniques; Mathematics of Computing; Numerical and Computational Physics, Simulation"
Climate Change Science: A Modern Synthesis,"G. Thomas Farmer, John Cook",,"Environment; Environment, general; Climate Change/Climate Change Impacts; Earth Sciences, general; Lifelong Learning/Adult Education; Geography, general; Organic Chemistry"
Solar PV and Wind Energy Conversion Systems,"S. Sumathi, L. Ashok Kumar, P. Surekha",Green Energy and Technology,"Energy; Renewable and Green Energy; Energy Systems; Power Electronics, Electrical Machines and Networks; Energy Efficiency; Energy Harvesting"
Statistical Analysis and Data Display,"Richard M. Heiberger, Burt Holland",Springer Texts in Statistics,"Statistics; Statistical Theory and Methods; Statistics and Computing/Statistics Programs; Statistics for Engineering, Physics, Computer Science, Chemistry and Earth Sciences"
Business Process Management Cases,"Jan vom Brocke, Jan Mendling",Management for Professionals,"Business and Management; Business Process Management; Information Systems Applications (incl.Internet); Business Information Systems; Organization; Organizational Studies, Economic Sociology"
Elementary Analysis,Kenneth A. Ross,Undergraduate Texts in Mathematics,Mathematics; Analysis; Real Functions
Cryptography Made Simple,Nigel Smart,Information Security and Cryptography,"Computer Science; Data Structures, Cryptology and Information Theory; Mathematics of Computing; Security Science and Technology; Discrete Mathematics"
Fluid Dynamics,Michel Rieutord,Graduate Texts in Physics,Physics; Fluid- and Aerodynamics; Astrophysics and Astroparticles; Engineering Fluid Dynamics; Geophysics/Geodesy
Social Media Management,Amy Van Looy,Springer Texts in Business and Economics,Business and Management; Media Management; IT in Business; Marketing; e-Commerce/e-business; Human Resource Management
Statistics in Criminal Justice,"David Weisburd, Chester Britt",,"Criminology and Criminal Justice; Criminology and Criminal Justice, general"
Supply Chain Management and Advanced Planning,"Hartmut Stadtler, Christoph Kilger, Herbert Meyr",Springer Texts in Business and Economics,"Business and Management; Supply Chain Management; Operations Management; IT in Business; Engineering Economics, Organization, Logistics, Marketing"
Probability Theory,Alexandr A. Borovkov,Universitext,Mathematics; Probability Theory and Stochastic Processes
Statistics and Data Analysis for Financial Engineering,"David Ruppert, David S. Matteson",Springer Texts in Statistics,"Statistics; Statistics for Business/Economics/Mathematical Finance/Insurance; Quantitative Finance; Statistical Theory and Methods; Finance, general"
Readings in Formal Epistemology,"Horacio Arló-Costa, Vincent F. Hendricks, Johan van Benthem",Springer Graduate Texts in Philosophy,"Philosophy; Epistemology; Mathematical Logic and Formal Languages; Game Theory, Economics, Social and Behav. Sciences"
Differential Equations and Their Applications,Martin Braun,Texts in Applied Mathematics,Mathematics; Analysis
Nanotechnology: Principles and Practices,Sulabha K. Kulkarni,,Materials Science; Nanotechnology; Nanoscale Science and Technology; Nanochemistry
Epidemiological Research: Terms and Concepts,O. S. Miettinen,,"Biomedicine; Biomedicine, general; Epidemiology; Public Health; Medicine/Public Health, general; Biometrics; Biostatistics"
Multinational Management,Rien Segers,,Business and Management; International Business
Partial Differential Equations,Jürgen Jost,Graduate Texts in Mathematics,"Mathematics; Partial Differential Equations; Theoretical, Mathematical and Computational Physics"
Bayesian and Frequentist Regression Methods,Jon Wakefield,Springer Series in Statistics,"Statistics; Statistical Theory and Methods; Statistics, general"
Strategic International Management,"Dirk Morschett, Hanna Schramm-Klein, Joachim Zentes",,"Business and Management; Business Strategy/Leadership; Business and Management, general; Management"
Basic Concepts in Computational Physics,"Benjamin A. Stickler, Ewald Schachinger",,"Physics; Numerical and Computational Physics, Simulation; Mathematical and Computational Engineering; Computational Mathematics and Numerical Analysis; Theoretical and Computational Chemistry"
Eye Tracking Methodology,Andrew T. Duchowski,,Computer Science; User Interfaces and Human Computer Interaction; Computer Graphics; Special Purpose and Application-Based Systems; Computer Appl. in Social and Behavioral Sciences
Writing for Publication,"Mary Renck Jalongo, Olivia N. Saracho",Springer Texts in Education,"Education; Higher Education; Statistics for Social Science, Behavorial Science, Education, Public Policy, and Law; Printing and Publishing"
Mathematical Physics,Sadri Hassani,,"Physics; Theoretical, Mathematical and Computational Physics; Mathematical Methods in Physics; Numerical and Computational Physics, Simulation; Applications of Mathematics"
Correctional Counseling and Treatment,Peter C. Kratcoski,,"Criminology and Criminal Justice; Prison and Punishment; Psychotherapy and Counseling; Public Policy; Medicine/Public Health, general"
Thermodynamics and Energy Conversion,Henning Struchtrup,,"Engineering; Engineering Thermodynamics, Heat and Mass Transfer; Thermodynamics; Industrial Chemistry/Chemical Engineering; Engineering Fluid Dynamics; Classical and Continuum Physics; Energy Systems"
The Action Research Planner,"Stephen Kemmis, Robin McTaggart, Rhonda Nixon",,"Education; Teaching and Teacher Education; Learning and Instruction; Assessment, Testing and Evaluation"
Stochastic Processes and Calculus,Uwe Hassler,Springer Texts in Business and Economics,"Economics; Economic Theory/Quantitative Economics/Mathematical Methods; Statistics for Business/Economics/Mathematical Finance/Insurance; Quantitative Finance; Macroeconomics/Monetary Economics//Financial Economics; Econometrics; Game Theory, Economics, Social and Behav. Sciences"
Statistical Analysis of Clinical Data on a Pocket Calculator,"Ton J. Cleophas, Aeilko H. Zwinderman",,"Biomedicine; Biomedicine, general; Chemistry/Food Science, general; Pharmacy; Medicine/Public Health, general; Computer Science, general; Life Sciences, general"
Clinical Data Analysis on a Pocket Calculator,"Ton J. Cleophas, Aeilko H. Zwinderman",,"Biomedicine; Biomedicine, general; Entomology; Pharmacy; Statistics for Life Sciences, Medicine, Health Sciences"
The Data Science Design Manual,Steven S. Skiena,Texts in Computer Science,Computer Science; Data Mining and Knowledge Discovery; Pattern Recognition; Big Data/Analytics; Visualization; Statistics and Computing/Statistics Programs
An Introduction to Machine Learning,Miroslav Kubat,,Computer Science; Data Mining and Knowledge Discovery; Big Data/Analytics; Computational Intelligence
Guide to Discrete Mathematics,Gerard O'Regan,Texts in Computer Science,Computer Science; Discrete Mathematics in Computer Science; Arithmetic and Logic Structures; Logics and Meanings of Programs; History of Computing; Mathematical Applications in Computer Science; Math Applications in Computer Science
Petroleum Geoscience,Knut Bjørlykke,,Earth Sciences; Geology
Structure Determination by X-ray Crystallography,"Mark Ladd, Rex Palmer",,Chemistry; Physical Chemistry; Crystallography and Scattering Methods; Protein Structure; Characterization and Evaluation of Materials; Geophysics/Geodesy
Introduction to Time Series and Forecasting,"Peter J. Brockwell, Richard A. Davis",Springer Texts in Statistics,"Statistics; Statistical Theory and Methods; Statistics for Business/Economics/Mathematical Finance/Insurance; Econometrics; Statistics for Engineering, Physics, Computer Science, Chemistry and Earth Sciences"
Principles of Mobile Communication,Gordon L. Stüber,,"Engineering; Communications Engineering, Networks; Signal, Image and Speech Processing; Input/Output and Data Communications"
Cardiovascular Biomechanics,"Peter R. Hoskins, Patricia V. Lawford, Barry J. Doyle",,Medicine & Public Health; Cardiology; Biomedical Engineering; Medical and Radiation Physics; Human Physiology
Introduction to Smooth Manifolds,John Lee,Graduate Texts in Mathematics,Mathematics; Differential Geometry
Taxation in European Union,Pietro Boria,,"Law; European Law; Business Taxation/Tax Law; International Economic Law, Trade Law; Financial Law/Fiscal Law; European Integration"
Essentials of Cerebellum and Cerebellar Disorders,"Donna L. Gruol, Noriyuki Koibuchi, Mario Manto, Marco Molinari, Jeremy D. Schmahmann, Ying Shen",,Biomedicine; Gene Function; Neurosciences; Behavioral Sciences; Neurology
Language Across the Curriculum & CLIL in English as an Additional Language  Contexts,Angel M.Y. Lin,,Education; Curriculum Studies; Language Education; Learning and Instruction
Multivariate Calculus and Geometry,Seán Dineen,Springer Undergraduate Mathematics Series,"Mathematics; Mathematics, general"
Statistics and Analysis of Scientific Data,Massimiliano Bonamente,Graduate Texts in Physics,"Physics; Mathematical Methods in Physics; Statistics for Engineering, Physics, Computer Science, Chemistry and Earth Sciences; Statistics for Business/Economics/Mathematical Finance/Insurance; Mathematical and Computational Engineering; Complex Systems; Statistical Physics and Dynamical Systems"
Modelling Computing Systems,"Faron Moller, Georg Struth",Undergraduate Topics in Computer Science,Computer Science; Logics and Meanings of Programs; Mathematical Logic and Formal Languages; Discrete Mathematics in Computer Science; Math Applications in Computer Science
Search Methodologies,"Edmund K. Burke, Graham Kendall",,"Business and Management; Operations Research/Decision Theory; Operations Research, Management Science"
Representation Theory,"William Fulton, Joe Harris",Graduate Texts in Mathematics,"Mathematics; Topological Groups, Lie Groups"
Linear Algebra Done Right,Sheldon Axler,Undergraduate Texts in Mathematics,"Mathematics; Linear and Multilinear Algebras, Matrix Theory"
Stellar Structure and Evolution,"Rudolf Kippenhahn, Alfred Weigert, Achim Weiss",Astronomy and Astrophysics Library,"Physics; Astrophysics and Astroparticles; Fluid- and Aerodynamics; Astronomy, Astrophysics and Cosmology; Nuclear Fusion"
Evolutionary Thinking in Medicine,"Alexandra Alvergne, Crispin Jenkinson, Charlotte Faurie",Advances in the Evolutionary Analysis of Human Behaviour,"Medicine & Public Health; Medicine/Public Health, general; Health Psychology; Anthropology; Evolutionary Biology"
Understanding Cryptography,"Christof Paar, Jan Pelzl",,"Computer Science; Data Structures, Cryptology and Information Theory; Programming Techniques; Communications Engineering, Networks; Circuits and Systems"
Linear Algebra,"Jörg Liesen, Volker Mehrmann",Springer Undergraduate Mathematics Series,"Mathematics; Linear and Multilinear Algebras, Matrix Theory"
Algebra,Serge Lang,Graduate Texts in Mathematics,"Mathematics; Algebra; Commutative Rings and Algebras; Linear and Multilinear Algebras, Matrix Theory; Associative Rings and Algebras; Group Theory and Generalizations"
Understanding Analysis,Stephen Abbott,Undergraduate Texts in Mathematics,Mathematics; Analysis
Plate Tectonics,"Wolfgang Frisch, Martin Meschede, Ronald C. Blakey",,Earth Sciences; Geology; Structural Geology; Planetology
Linear Programming,Robert J Vanderbei,International Series in Operations Research & Management Science,"Business and Management; Operations Research/Decision Theory; Operations Research, Management Science; Optimization"
The Nature of Scientific Knowledge,Kevin McCain,Springer Undergraduate Texts in Philosophy,Philosophy; Philosophy of Science; Epistemology; Science Education
Leadership Today,"Joan Marques, Satinder Dhiman",Springer Texts in Business and Economics,Business and Management; Business Strategy/Leadership; Organization; Human Resource Development
Physics of Semiconductor Devices,Massimo Rudan,,"Engineering; Circuits and Systems; Semiconductors; Electronics and Microelectronics, Instrumentation"
Corporate Social Responsibility,"John O. Okpara, Samuel O. Idowu","CSR, Sustainability, Ethics & Governance",Business and Management; Business Ethics; Public Administration; Business Strategy/Leadership
Ordinary Differential Equations,"William A. Adkins, Mark G. Davidson",Undergraduate Texts in Mathematics,Mathematics; Ordinary Differential Equations
Electronic Commerce,"Efraim Turban, David King, Jae Kyu Lee, Ting-Peng Liang, Deborrah C. Turban",Springer Texts in Business and Economics,Business and Management; IT in Business; Operations Research/Decision Theory
Ceramic Materials,"C. Barry Carter, M. Grant Norton",,"Materials Science; Ceramics, Glass, Composites, Natural Materials; Inorganic Chemistry; Nanotechnology; Characterization and Evaluation of Materials; Optical and Electronic Materials"
Foundations of Analytical Chemistry,"Miguel Valcárcel Cases, Ángela I. López-Lorente, Ma Ángeles López-Jiménez",,"Chemistry; Analytical Chemistry; Monitoring/Environmental Analysis; Characterization and Evaluation of Materials; Biochemistry, general; Pharmacology/Toxicology"
Life Cycle Assessment,"Michael Z. Hauschild, Ralph K. Rosenbaum, Stig Irving Olsen",,Engineering; Sustainable Development; Renewable and Green Energy; Sustainability Management
A Clinical Guide to the Treatment of the Human Stress Response,"George S. Everly, Jr., Jeffrey M. Lating",,Psychology; Clinical Psychology; Psychiatry; Health Psychology
Computational Physics,Philipp Scherer,Graduate Texts in Physics,"Physics; Numerical and Computational Physics, Simulation; Mathematical Applications in the Physical Sciences; Mathematical and Computational Engineering; Theoretical and Computational Chemistry"
Handbook of LGBT Elders,"Debra A. Harley, Pamela B. Teaster",,Social Sciences; Social Work; Public Health; Psychotherapy and Counseling; Social Policy
"Handbook of Cardiac Anatomy, Physiology, and Devices",Paul A. Iaizzo,,Biomedicine; Human Physiology; Cardiology; Biomedical Engineering; Angiology; Pathology; Cardiac Surgery
Quantum Mechanics,Daniel Bes,Graduate Texts in Physics,"Physics; Quantum Physics; Quantum Field Theories, String Theory"
Understanding Statistics Using R,"Randall Schumacker, Sara Tomek",,"Statistics; Statistics and Computing/Statistics Programs; Statistics for Social Science, Behavorial Science, Education, Public Policy, and Law; Statistics, general"
Mass Spectrometry,Jürgen H Gross,,Chemistry; Mass Spectrometry; Proteomics; Pharmacology/Toxicology; Monitoring/Environmental Analysis; Organic Chemistry; Forensic Science
Statistical Mechanics for Engineers,Isamu Kusaka,,"Chemistry; Industrial Chemistry/Chemical Engineering; Theoretical and Computational Chemistry; Complex Systems; Engineering Thermodynamics, Heat and Mass Transfer; Statistical Physics and Dynamical Systems"
The Gastrointestinal System,Po Sing Leung,,Biomedicine; Human Physiology; Gastroenterology
Additive Manufacturing Technologies,"Ian Gibson, David Rosen, Brent Stucker",,Engineering; Engineering Design; Nanotechnology
Magnetic Interactions in Molecules and Solids,"Coen de Graaf, Ria Broer",Theoretical Chemistry and Computational Modelling,Chemistry; Theoretical and Computational Chemistry; Inorganic Chemistry; Structural Materials
Electricity and Magnetism,Teruo Matsushita,Undergraduate Lecture Notes in Physics,"Physics; Classical Electrodynamics; Strongly Correlated Systems, Superconductivity; Mathematical Methods in Physics; Electrical Engineering"
Survival Analysis,"David G. Kleinbaum, Mitchel Klein",Statistics for Biology and Health,"Statistics; Statistics for Life Sciences, Medicine, Health Sciences; Epidemiology"
Foundations of Quantum Mechanics,Travis Norsen,Undergraduate Lecture Notes in Physics,Physics; Quantum Physics; Philosophy of Science; History and Philosophical Foundations of Physics
An Introduction to Statistical Learning,"Gareth James, Daniela Witten, Trevor Hastie, Robert Tibshirani",Springer Texts in Statistics,"Statistics; Statistical Theory and Methods; Statistics and Computing/Statistics Programs; Statistics, general"
Introduction to Mathematica  for Physicists,Andrey Grozin,Graduate Texts in Physics,"Physics; Numerical and Computational Physics, Simulation; Computer Applications in Chemistry; Particle and Nuclear Physics; Mathematical Applications in the Physical Sciences"
Statistical Learning from a Regression Perspective,Richard A. Berk,Springer Texts in Statistics,"Statistics; Statistical Theory and Methods; Probability Theory and Stochastic Processes; Statistics for Social Science, Behavorial Science, Education, Public Policy, and Law; Public Health; Psychological Methods/Evaluation; Methodology of the Social Sciences"
Applied Partial Differential Equations,J. David Logan,Undergraduate Texts in Mathematics,Mathematics; Partial Differential Equations; Mathematical Methods in Physics; Community & Population Ecology
Principles of Astrophysics,Charles Keeton,Undergraduate Lecture Notes in Physics,"Physics; Astronomy, Astrophysics and Cosmology; Classical and Quantum Gravitation, Relativity Theory; Classical Mechanics; Theoretical and Applied Mechanics"
Air Pollution and Greenhouse Gases,Zhongchao Tan,Green Energy and Technology,"Engineering; Quality Control, Reliability, Safety and Risk; Atmospheric Protection/Air Quality Control/Air Pollution; Environmental Engineering/Biotechnology"
Sustainable Supply Chains,"Yann Bouchery, Charles J. Corbett, Jan C. Fransoo, Tarkan Tan",Springer Series in Supply Chain Management,Business and Management; Operations Research/Decision Theory; Supply Chain Management; Procurement
Robotics,"Bruno Siciliano, Lorenzo Sciavicco, Luigi Villani, Giuseppe Oriolo",Advanced Textbooks in Control and Signal Processing,"Engineering; Robotics and Automation; Control, Robotics, Mechatronics; Machinery and Machine Elements"
Econometrics,Badi H. Baltagi,Springer Texts in Business and Economics,"Economics; Econometrics; Statistics for Social Science, Behavorial Science, Education, Public Policy, and Law; Economic Theory/Quantitative Economics/Mathematical Methods; Game Theory, Economics, Social and Behav. Sciences"
The Sea Floor,"Eugen Seibold, Wolfgang Berger","Springer Textbooks in Earth Sciences, Geography and Environment",Earth Sciences; Oceanography; Sedimentology; Ecology; Geoecology/Natural Processes; Marine & Freshwater Sciences
SPSS for Starters and 2nd Levelers,"Ton J. Cleophas, Aeilko H. Zwinderman",,"Biomedicine; Biomedicine, general; Computer Applications; Biometrics; Statistical Theory and Methods; Statistics and Computing/Statistics Programs"
Regression Modeling Strategies,"Frank E. Harrell , Jr.",Springer Series in Statistics,"Statistics; Statistical Theory and Methods; Statistics for Life Sciences, Medicine, Health Sciences; Statistics and Computing/Statistics Programs"
Legal Dynamics of EU External Relations,Henri de Waele,,"Law; European Law; International Relations; Sources and Subjects of International Law, International Organizations"
Food Analysis Laboratory Manual,S. Suzanne Nielsen,Food Science Text Series,Chemistry; Food Science; Industrial Chemistry/Chemical Engineering; Spectroscopy/Spectrometry
Principles of Musical Acoustics,William M. Hartmann,Undergraduate Lecture Notes in Physics,Physics; Acoustics; Neurobiology; Engineering Acoustics
Fundamentals of Structural Engineering,"Jerome J. Connor, Susan Faraji",,"Engineering; Light Construction, Steel Construction, Timber Construction; Building Construction and Design; Solid Construction; Structural Materials"
Basics of Laser Physics,Karl F. Renk,Graduate Texts in Physics,"Physics; Optics, Lasers, Photonics, Optical Devices; Microwaves, RF and Optical Engineering; Classical Electrodynamics"
Applied Quantitative Finance,"Wolfgang Karl Härdle, Cathy Yi-Hsuan Chen, Ludger Overbeck",Statistics and Computing,Statistics; Statistics for Business/Economics/Mathematical Finance/Insurance; Quantitative Finance; Risk Management; Business Finance
Handbook of Marriage and the Family,"Gary W. Peterson, Kevin R. Bush",,Social Sciences; Family; Psychology Research; Social Work
Solid-State Physics,"Harald Ibach, Hans Lüth",,"Physics; Condensed Matter Physics; Solid State Physics; Spectroscopy and Microscopy; Physical Chemistry; Engineering, general; Strongly Correlated Systems, Superconductivity"
Electrochemical Impedance Spectroscopy and its Applications,Andrzej Lasia,,Chemistry; Electrochemistry; Spectroscopy/Spectrometry
Economics as Applied Ethics,Wilfred Beckerman,,Economics; Social Choice/Welfare Economics/Public Choice; Economic Theory/Quantitative Economics/Mathematical Methods; Public Economics; International Political Economy
Electronics for Embedded Systems,Ahmet Bindal,,"Engineering; Circuits and Systems; Electronics and Microelectronics, Instrumentation"
Concise Guide to Software Engineering,Gerard O'Regan,Undergraduate Topics in Computer Science,Computer Science; Software Engineering; Computer Engineering; Software Management; Mathematical Software
Fundamentals of Multimedia,"Ze-Nian Li, Mark S. Drew, Jiangchuan Liu",Texts in Computer Science,Computer Science; Image Processing and Computer Vision; Computer Communication Networks; Information Storage and Retrieval; Database Management
Logistics,"Harald Gleissner, J. Christian Femerling",Springer Texts in Business and Economics,"Business and Management; Operations Management; Engineering Economics, Organization, Logistics, Marketing; Organization"
Group Theory Applied to Chemistry,Arnout Jozef Ceulemans,Theoretical Chemistry and Computational Modelling,Chemistry; Theoretical and Computational Chemistry; Crystallography and Scattering Methods; Inorganic Chemistry
The Psychology of Social Status,"Joey T. Cheng, Jessica L. Tracy, Cameron Anderson",,"Psychology; Personality and Social Psychology; Social Structure, Social Inequality; Anthropology"
A Modern Introduction to Probability and Statistics,"F.M. Dekking, C. Kraaikamp, H.P. Lopuhaä, L.E. Meester",Springer Texts in Statistics,"Mathematics; Probability Theory and Stochastic Processes; Statistics for Engineering, Physics, Computer Science, Chemistry and Earth Sciences; Mathematical and Computational Engineering"
Complex Analysis,"Joseph Bak, Donald J. Newman",Undergraduate Texts in Mathematics,Mathematics; Analysis
Food Chemistry,"H.-D. Belitz, Werner Grosch, Peter Schieberle",,"Chemistry; Food Science; Agriculture; Analytical Chemistry; Biochemistry, general; Nutrition"
Exam Survival Guide: Physical Chemistry,Jochen Vogt,,Chemistry; Physical Chemistry; Thermodynamics; Spectroscopy/Spectrometry; Electrochemistry
The Python Workbook,Ben Stephenson,,"Computer Science; Programming Languages, Compilers, Interpreters; Python; Computational Intelligence"
Practical Electrical Engineering,"Sergey N. Makarov, Reinhold Ludwig, Stephen J. Bitar",,"Engineering; Circuits and Systems; Electronics and Microelectronics, Instrumentation; Electronic Circuits and Devices"
Strategic Retail Management,"Joachim Zentes, Dirk Morschett, Hanna Schramm-Klein",,Business and Management; Trade; Sales/Distribution; Marketing
Food Analysis,S. Suzanne Nielsen,Food Science Text Series,Chemistry; Food Science; Industrial Chemistry/Chemical Engineering; Spectroscopy/Spectrometry
Psychoeducational Assessment and Report Writing,Stefan C. Dombrowski,,"Psychology; Child and School Psychology; Assessment, Testing and Evaluation; Social Work; Psychological Methods/Evaluation"
Machine Learning in Medicine - a Complete Overview,"Ton J. Cleophas, Aeilko H. Zwinderman",,"Biomedicine; Biomedicine, general; Medicine/Public Health, general; Statistics, general; Science, Humanities and Social Sciences, multidisciplinary"
Evidence-Based Interventions for Children with Challenging Behavior,"Kathleen Hague Armstrong, Julia A. Ogg, Ashley N. Sundman-Wheat, Audra St. John Walsh",,"Psychology; Child and School Psychology; Assessment, Testing and Evaluation; Occupational Therapy; Family; Educational Psychology; Speech Pathology"
Principles of Quantum Mechanics,R. Shankar,,"Physics; Quantum Physics; Mathematical Methods in Physics; Theoretical, Mathematical and Computational Physics; Classical Mechanics; Elementary Particles, Quantum Field Theory"
Recommender Systems,Charu C. Aggarwal,,Computer Science; Data Mining and Knowledge Discovery
Pharmaceutical Biotechnology,"Daan J. A. Crommelin, Robert D. Sindelar, Bernd Meibohm",,"Biomedicine; Pharmaceutical Sciences/Technology; Biomedicine, general"
Python Programming Fundamentals,Kent D. Lee,Undergraduate Topics in Computer Science,"Computer Science; Programming Languages, Compilers, Interpreters; Python"
The Finite Element Method and Applications in Engineering Using ANSYS,"Erdogan Madenci, Ibrahim Guven",,"Engineering; Mechanical Engineering; Mathematical and Computational Engineering; Computer-Aided Engineering (CAD, CAE) and Design; Computational Science and Engineering"
Group Theory,"Mildred S. Dresselhaus, Gene Dresselhaus, Ado Jorio",,"Physics; Condensed Matter Physics; Group Theory and Generalizations; Theoretical, Mathematical and Computational Physics; Mathematical Methods in Physics; Optical and Electronic Materials"
"Object-Oriented Analysis, Design and Implementation","Brahma Dathan, Sarnath Ramnath",Undergraduate Topics in Computer Science,Computer Science; Programming Techniques
Introduction to Embedded Systems,"Manuel Jiménez, Rogelio Palomera, Isidoro Couvertier",,"Engineering; Circuits and Systems; Processor Architectures; Electronics and Microelectronics, Instrumentation"
Elementary Mechanics Using Matlab,Anders Malthe-Sørenssen,Undergraduate Lecture Notes in Physics,"Physics; Mathematical Methods in Physics; Classical Mechanics; Numerical and Computational Physics, Simulation"
An Introduction to Biomechanics,"Jay D. Humphrey, Sherry L. O’Rourke",,Biomedicine; Human Physiology; Biomedical Engineering; Theoretical and Applied Mechanics; Biochemical Engineering
New Introduction to Multiple Time Series Analysis,Helmut Lütkepohl,,Economics; Econometrics; Statistics for Business/Economics/Mathematical Finance/Insurance; Mathematical and Computational Engineering
Introduction to Data Science,"Laura Igual, Santi Seguí",Undergraduate Topics in Computer Science,Computer Science; Data Mining and Knowledge Discovery; Probability and Statistics in Computer Science; Pattern Recognition; Statistics and Computing/Statistics Programs
Calculus With Applications,"Peter D. Lax, Maria Shea Terrell",Undergraduate Texts in Mathematics,Mathematics; Calculus
An Introduction to Soil Mechanics,Arnold Verruijt,Theory and Applications of Transport in Porous Media,Engineering; Civil Engineering; Hydrogeology; Soil Science & Conservation; Geotechnical Engineering & Applied Earth Sciences
Game Theory,Hans Peters,Springer Texts in Business and Economics,"Economics; Game Theory; Game Theory, Economics, Social and Behav. Sciences; Operations Research/Decision Theory; Microeconomics"
Fundamentals of Clinical Trials,"Lawrence M. Friedman, Curt D. Furberg, David L. DeMets, David M. Reboussin, Christopher B. Granger",,"Statistics; Statistics for Life Sciences, Medicine, Health Sciences; Public Health; Epidemiology; Cancer Research; Oncology"
The Finite Volume Method in Computational Fluid Dynamics,"F. Moukalled, L. Mangani, M. Darwish",Fluid Mechanics and Its Applications,"Engineering; Engineering Fluid Dynamics; Computational Science and Engineering; Numerical and Computational Physics, Simulation; Fluid- and Aerodynamics"
The ASCRS Textbook of Colon and Rectal Surgery,"Scott R. Steele, Tracy L. Hull, Thomas E. Read, Theodore J. Saclarides, Anthony J. Senagore, Charles B. Whitlow",,Medicine & Public Health; Colorectal Surgery; General Surgery; Surgical Oncology
Applied Predictive Modeling,"Max Kuhn, Kjell Johnson",,"Statistics; Statistics for Life Sciences, Medicine, Health Sciences; Statistics and Computing/Statistics Programs; Statistics, general"
Introduction to Logic Circuits & Logic Design with VHDL ,Brock J. LaMeres,,Engineering; Circuits and Systems; Processor Architectures; Logic Design
Sustainability Science,"Harald Heinrichs, Pim Martens, Gerd Michelsen, Arnim Wiek",,"Environment; Sustainable Development; Geoecology/Natural Processes; Social Sciences, general"
Physical Chemistry from a Different Angle,"Georg Job, Regina Rüffler",,Chemistry; Physical Chemistry; Thermodynamics
The Physics of Semiconductors,Marius Grundmann,Graduate Texts in Physics,"Physics; Semiconductors; Nanoscale Science and Technology; Electronics and Microelectronics, Instrumentation; Solid State Physics"
Energy Harvesting and Energy Efficiency,"Nicu Bizon, Naser Mahdavi Tabatabaei, Frede Blaabjerg, Erol Kurt",Lecture Notes in Energy,"Energy; Energy Harvesting; Nanotechnology and Microengineering; Renewable and Green Energy; Engineering Thermodynamics, Heat and Mass Transfer"
Python For ArcGIS,Laura Tateosian,,"Geography; Geographical Information Systems/Cartography; Programming Languages, Compilers, Interpreters; Information Systems Applications (incl.Internet); Earth Sciences, general"
Statics and Mechanics of Structures,"Steen Krenk, Jan Høgsberg",,Engineering
Real Analysis,"Miklós Laczkovich, Vera T. Sós",Undergraduate Texts in Mathematics,Mathematics; Analysis
MATLAB for Psychologists,"Mauro Borgo, Alessandro Soranzo, Massimo Grassi",,Psychology; Psychological Methods/Evaluation; Programming Techniques; Statistics and Computing/Statistics Programs; Psychometrics
Physical Asset Management,Nicholas Anthony John Hastings,,"Economics; Industrial Organization; Quality Control, Reliability, Safety and Risk; Accounting/Auditing; Operations Management"
Essentials of Food Science,"Vickie A. Vaclavik, Elizabeth W. Christian",Food Science Text Series,Chemistry; Food Science
Quantum Mechanics,K.T. Hecht,Graduate Texts in Contemporary Physics,Physics; Classical Mechanics
Probability Theory,Achim Klenke,Universitext,Mathematics; Probability Theory and Stochastic Processes; Measure and Integration; Dynamical Systems and Ergodic Theory; Functional Analysis; Complex Systems; Statistical Physics and Dynamical Systems
Concise Guide to Databases,"Peter Lake, Paul Crowther",Undergraduate Topics in Computer Science,"Computer Science; Database Management; Information Storage and Retrieval; Data Structures, Cryptology and Information Theory; Software Engineering/Programming and Operating Systems"
Digital Image Processing,"Wilhelm Burger, Mark J. Burge",Texts in Computer Science,"Computer Science; Image Processing and Computer Vision; Signal, Image and Speech Processing; Computational Intelligence"
Chemical and Bioprocess Engineering,"Ricardo Simpson, Sudhir K. Sastry",,"Chemistry; Biochemical Engineering; Food Science; Engineering Thermodynamics, Heat and Mass Transfer; Mathematical Modeling and Industrial Mathematics"
Transmission Electron Microscopy,"David B. Williams, C. Barry Carter",,"Physics; Spectroscopy and Microscopy; Surface and Interface Science, Thin Films; Solid State Physics; Characterization and Evaluation of Materials; Biological Microscopy"
Guide to Computer Network Security,Joseph Migga Kizza,Computer Communications and Networks,Computer Science; Information Storage and Retrieval; Data Storage Representation; Management of Computing and Information Systems; Computer Communication Networks
Introduction to Law,"Jaap Hage, Antonia Waltermann, Bram Akkermans",,Law; Fundamentals of Law; Philosophy of Law
Advanced Quantum Mechanics,RAINER DICK,Graduate Texts in Physics,Physics; Quantum Physics; Quantum Optics; Optical and Electronic Materials; Nanoscale Science and Technology; Nanotechnology
Bayesian Essentials with R,"Jean-Michel Marin, Christian P. Robert",Springer Texts in Statistics,Statistics; Statistics and Computing/Statistics Programs; Statistical Theory and Methods
"Robotics, Vision and Control",Peter Corke,Springer Tracts in Advanced Robotics,"Engineering; Robotics and Automation; Image Processing and Computer Vision; Signal, Image and Speech Processing; Machinery and Machine Elements; Cognitive Psychology"
Applied Chemistry,"Oleg Roussak, H. D. Gesser",,Chemistry; Industrial Chemistry/Chemical Engineering; Physical Chemistry; Renewable and Green Energy; Characterization and Evaluation of Materials
Advanced Organic Chemistry,"Francis A. Carey, Richard J. Sundberg",Advanced Organic Chemistry,Chemistry; Organic Chemistry; Physical Chemistry; Medicinal Chemistry
International Humanitarian Action,"Hans-Joachim Heintze, Pierre Thielbörger",,"Law; International Humanitarian Law, Law of Armed Conflict; Human Rights; Public Health; Natural Hazards; Anthropology"
Breast Cancer,"Umberto Veronesi, Aron Goldhirsch, Paolo Veronesi, Oreste Davide Gentilini, Maria Cristina Leonardi",,Medicine & Public Health; Oncology; Imaging / Radiology; Surgery; Pathology; Human Genetics
"Travel Marketing, Tourism Economics and the Airline Product",Mark Anthony Camilleri,"Tourism, Hospitality & Event Management",Business and Management; Tourism Management; Marketing; Media and Communication
Electronic Commerce 2018,"Efraim Turban, Jon Outland, David King, Jae Kyu Lee, Ting-Peng Liang, Deborrah C. Turban",Springer Texts in Business and Economics,Business and Management; e-Business/e-Commerce; Business Information Systems; Operations Research/Decision Theory
Disability and Vocational Rehabilitation in Rural Settings,"Debra A. Harley, Noel A. Ysasi, Malachy L. Bishop, Allison R. Fleming",,Social Sciences; Social Work; Community and Environmental Psychology; Rehabilitation
Teaching Medicine and Medical Ethics Using Popular Culture,"Evie Kendal, Basia Diug",Palgrave Studies in Science and Popular Culture,Cultural and Media Studies; Popular Culture; Film and Television Studies; Medical Sociology; Medical Education
Market Research,"Erik Mooi, Marko Sarstedt, Irma Mooi-Reci",Springer Texts in Business and Economics,Business and Management; Market Research/Competitive Intelligence; Statistics for Business/Economics/Mathematical Finance/Insurance; Knowledge Management
Scanning Electron Microscopy and X-Ray Microanalysis,"Joseph I. Goldstein, Dale E. Newbury, Joseph R. Michael, Nicholas W.M. Ritchie, John Henry J. Scott, David C. Joy",,Materials Science; Characterization and Evaluation of Materials; Spectroscopy and Microscopy; Biological Microscopy; Spectroscopy/Spectrometry; Measurement Science and Instrumentation
ArcGIS for Environmental and Water Issues,William Bajjali,"Springer Textbooks in Earth Sciences, Geography and Environment",Geography; Geographical Information Systems/Cartography; Hydrogeology; Hydrology/Water Resources; Monitoring/Environmental Analysis; Regional/Spatial Science
Physics from Symmetry,Jakob Schwichtenberg,Undergraduate Lecture Notes in Physics,"Physics; Mathematical Methods in Physics; Mathematical Physics; Particle and Nuclear Physics; Topological Groups, Lie Groups"
Communication and Bioethics at the End of Life,"Lori A. Roscoe, David P. Schenck",,"Philosophy; Bioethics; Medicine/Public Health, general; Medical Education"
Foundations of Programming Languages,Kent D. Lee,Undergraduate Topics in Computer Science,"Computer Science; Programming Languages, Compilers, Interpreters; Control Structures and Microprogramming; Mathematical and Computational Engineering"
Problems in Classical Electromagnetism,"Andrea Macchi, Giovanni Moruzzi, Francesco Pegoraro",,"Physics; Classical Electrodynamics; Atomic, Molecular, Optical and Plasma Physics; Microwaves, RF and Optical Engineering; Mathematical Applications in the Physical Sciences"
Polymer Chemistry,"Sebastian Koltzenburg, Michael Maskos, Oskar Nuyken",,Chemistry; Polymer Sciences; Organic Chemistry; Inorganic Chemistry
Probability and Statistics for Computer Science,David Forsyth,,Computer Science; Probability and Statistics in Computer Science; Statistics and Computing/Statistics Programs
Empathetic Space on Screen,Amedeo D'Adamo,,Popular Science; Popular Science in Cultural and Media Studies; Film Theory; American Cinema; Film Production; Screenwriting
Political Social Work,"Shannon R. Lane, Suzanne Pritzker",,Social Sciences; Social Work; Social Policy; Public Policy
Introductory Quantum Mechanics,Paul R. Berman,UNITEXT for Physics,"Physics; Quantum Physics; Elementary Particles, Quantum Field Theory; Mathematical Applications in the Physical Sciences; Classical Mechanics"
Guide to Competitive Programming,Antti Laaksonen,Undergraduate Topics in Computer Science,Computer Science; Programming Techniques; Algorithm Analysis and Problem Complexity; Professional Computing; Algorithms; Computers and Education
Introduction to Artificial Intelligence,Wolfgang Ertel,Undergraduate Topics in Computer Science,Computer Science
Bioinformatics for Evolutionary Biologists,"Bernhard Haubold, Angelika Börsch-Haubold",,Life Sciences; Bioinformatics; Evolutionary Biology; Computational Biology/Bioinformatics; Computer Appl. in Life Sciences
"Concepts, Methods and Practical Applications in Applied Demography",Richard K. Thomas,,"Social Sciences; Demography; Statistics for Social Science, Behavorial Science, Education, Public Policy, and Law; Methodology of the Social Sciences"
Introduction to Deep Learning,Sandro Skansi,Undergraduate Topics in Computer Science,Computer Science; Pattern Recognition; Mathematical Models of Cognitive Processes and Neural Networks; Coding and Information Theory
Energy and the Wealth of Nations,"Charles A.S. Hall, Kent Klitgaard",,"Energy; Energy Policy, Economics and Management; Sustainable Development; Environmental Economics; Energy Policy, Economics and Management; Data-driven Science, Modeling and Theory Building; Economic Geography"
"A Beginner's Guide to Scala, Object Orientation and Functional Programming",John Hunt,,"Computer Science; Programming Techniques; Programming Languages, Compilers, Interpreters"
Lessons on Synthetic Bioarchitectures,"Eva-Kathrin Ehmoser-Sinner, Cherng-Wen Darren Tan",Learning Materials in Biosciences,Biomedicine; Biomedical Engineering/Biotechnology; Biomedical Engineering; Systems Biology; Biomaterials; Biotechnology
Managing Sustainable Business,"Gilbert G. Lenssen, N. Craig Smith",,"Business and Management; Business Ethics; Administration, Organization and Leadership; Business Strategy/Leadership; Emerging Markets/Globalization"
Engineering Mechanics 2,"Dietmar Gross, Werner Hauger, Jörg Schröder, Wolfgang A. Wall, Javier Bonet",,Engineering; Structural Materials; Mechanical Engineering
Fundamentals of Business Process Management,"Marlon Dumas, Marcello La Rosa, Jan Mendling, Hajo A. Reijers",,Computer Science; Computer Appl. in Administrative Data Processing; Business Process Management; Information Systems Applications (incl.Internet); Software Engineering
Clinical Methods in Medical Family Therapy,"Tai Mendenhall, Angela Lamson, Jennifer Hodgson, Macaran Baird",Focused Issues in Family Therapy,Psychology; Clinical Psychology; Family; General Practice / Family Medicine
Guide to Scientific Computing in C++,"Joe Pitt-Francis, Jonathan Whiteley",Undergraduate Topics in Computer Science,"Computer Science; Programming Techniques; Numeric Computing; Programming Languages, Compilers, Interpreters; Math Applications in Computer Science; Software Engineering"
Motivation and Action ,"Jutta Heckhausen, Heinz Heckhausen",,Psychology; Cognitive Psychology; General Psychology; Personality and Social Psychology
Perspectives on Elderly Crime and Victimization,"Peter C. Kratcoski, Maximilian Edelbacher",,"Criminology and Criminal Justice; Criminology and Criminal Justice, general; Geriatrics/Gerontology"
Knowledge Management,"Klaus North, Gita Kumta",Springer Texts in Business and Economics,Business and Management; Knowledge Management; Innovation/Technology Management; Organization; Industrial Organization
An Introduction to Zooarchaeology,Diane Gifford-Gonzalez,,Social Sciences; Archaeology
Abstract Algebra,Gregory T. Lee,Springer Undergraduate Mathematics Series,Mathematics; Group Theory and Generalizations; Associative Rings and Algebras; Field Theory and Polynomials
Criminal Justice and Mental Health,"Jada Hector, David Khey",,"Criminology and Criminal Justice; Criminology and Criminal Justice, general; Psychotherapy and Counseling"
Philosophy of Race,Naomi Zack,Palgrave Philosophy Today,Philosophy; Critical Theory; African American Culture; Philosophy of Man; Social Philosophy; African Literature
"Of Cigarettes, High Heels, and Other Interesting Things",Marcel Danesi,,Popular Science; Popular Science in Cultural and Media Studies; Media and Communication; Semiotics; Popular Culture; Cultural Anthropology; Sociolinguistics
Applied Bioinformatics,"Paul M. Selzer, Richard J. Marhöfer, Oliver Koch",,Life Sciences; Bioinformatics; Computer Appl. in Life Sciences; Computational Biology/Bioinformatics; Computer Applications in Chemistry
Linear Algebra and Analytic Geometry for Physical Sciences,"Giovanni Landi, Alessandro Zampini",Undergraduate Lecture Notes in Physics,"Physics; Mathematical Methods in Physics; Linear and Multilinear Algebras, Matrix Theory; Mathematical and Computational Engineering; Geometry; Math Applications in Computer Science; Mathematical Applications in the Physical Sciences"
Building Energy Modeling with OpenStudio,"Larry Brackney, Andrew Parker, Daniel Macumber, Kyle Benne",,"Energy; Sustainable Architecture/Green Buildings; Mechanical Engineering; Energy Efficiency; Building Physics, HVAC; Building Construction and Design"
Customer Relationship Management,"V. Kumar, Werner Reinartz",Springer Texts in Business and Economics,Business and Management; Customer Relationship Management; Big Data/Analytics; Business Strategy/Leadership
The A-Z of the PhD Trajectory,Eva O. L. Lantsoght,Springer Texts in Education,Education; Research Skills; Thesis and Dissertation; Higher Education; Personal Development; Writing Skills
Strategic Human Resource Management and Employment Relations,Ashish Malik,Springer Texts in Business and Economics,Business and Management; Human Resource Management; Organization; Business Strategy/Leadership
Applied Linear Algebra,"Peter J. Olver, Chehrzad Shakiban",Undergraduate Texts in Mathematics,"Mathematics; Linear and Multilinear Algebras, Matrix Theory; Mathematical Applications in the Physical Sciences"
Witnessing Torture,"Alexandra S. Moore, Elizabeth Swanson",Palgrave Studies in Life Writing,"Literature; Contemporary Literature; Postcolonial/World Literature; Human Rights and Crime; Social Justice, Equality and Human Rights; Human Rights; Terrorism and Political Violence"
Proofs from THE BOOK,"Martin Aigner, Günter M. Ziegler",,Mathematics; Number Theory; Geometry; Analysis; Combinatorics; Graph Theory; Mathematics of Computing
Introduction to General Relativity,Cosimo Bambi,Undergraduate Lecture Notes in Physics,"Physics; Classical and Quantum Gravitation, Relativity Theory; Astronomy, Astrophysics and Cosmology"
Introduction to Particle and Astroparticle Physics,"Alessandro De Angelis, Mário Pimenta",Undergraduate Lecture Notes in Physics,Physics; Astrophysics and Astroparticles; Particle and Nuclear Physics
Fundamentals of Java Programming,Mitsunori Ogihara,,"Computer Science; Java; Programming Languages, Compilers, Interpreters; Programming Techniques"
Optimization of Process Flowsheets through Metaheuristic Techniques ,"José María Ponce-Ortega, Luis Germán Hernández-Pérez",,Engineering; Computational Intelligence; Industrial Chemistry/Chemical Engineering
Robotics,"Matjaž Mihelj, Tadej Bajd, Aleš Ude, Jadran Lenar?i?, Aleš Stanovnik, Marko Munih, Jure Rejc, Sebastjan Šlajpah",,"Engineering; Control, Robotics, Mechatronics"
Business Ethics - A Philosophical and Behavioral Approach,Christian A. Conrad,,Philosophy; Business Ethics; Business Ethics; Sociology of Work; Business Strategy/Leadership; Industrial and Organizational Psychology; Human Resource Development
A First Introduction to Quantum Physics,Pieter Kok,Undergraduate Lecture Notes in Physics,"Physics; Quantum Physics; Mathematical Methods in Physics; Quantum Field Theories, String Theory; Mathematical Applications in the Physical Sciences"
Argumentation Theory: A Pragma-Dialectical Perspective,Frans H. van Eemeren,Argumentation Library,Philosophy; Business Ethics; Political Philosophy; Social Philosophy; Moral Philosophy
Logical Foundations of Cyber-Physical Systems,André Platzer,,"Computer Science; Mathematical Logic and Formal Languages; Mathematical Logic and Foundations; Control, Robotics, Mechatronics; Quality Control, Reliability, Safety and Risk"
Off-Grid Electrical Systems in Developing Countries,Henry Louie,,"Energy; Renewable and Green Energy; Energy Systems; Energy Policy, Economics and Management; Development and Sustainability"
Entertainment Science,"Thorsten Hennig-Thurau, Mark B. Houston",,Business and Management; Media Management; Market Research/Competitive Intelligence; Popular Science in Business and Management; Big Data/Analytics
Physics of Oscillations and Waves,Arnt Inge Vistnes,Undergraduate Texts in Physics,"Physics; Classical Mechanics; Mathematical Methods in Physics; Numerical and Computational Physics, Simulation; Atmospheric Sciences; Fluid- and Aerodynamics"
Introduction to Programming with Fortran,"Ian Chivers, Jane Sleightholme",,"Computer Science; Programming Languages, Compilers, Interpreters; Programming Techniques; Software Engineering"
Fundamentals of Solid State Engineering,Manijeh Razeghi,,"Engineering; Electronics and Microelectronics, Instrumentation; Optical and Electronic Materials; Solid State Physics; Spectroscopy and Microscopy; Nanotechnology"
Introduction to Digital Systems Design,"Giuliano Donzellini, Luca Oneto, Domenico Ponta, Davide Anguita",,Engineering; Electrical Engineering; Logic Design; Algorithms
Neural Networks and Deep Learning,Charu C. Aggarwal,,Computer Science; Information Systems and Communication Service; Processor Architectures
Data Science and Predictive Analytics,Ivo D. Dinov,,Computer Science; Big Data; Big Data/Analytics; Health Informatics; Probability and Statistics in Computer Science; Data Mining and Knowledge Discovery
Systems Programming in Unix/Linux,K.C. Wang,,"Computer Science; Programming Techniques; Programming Languages, Compilers, Interpreters; Data Structures; Operating Systems"
Analytical Corporate Finance,Angelo Corelli,Springer Texts in Business and Economics,Business and Management; Business Finance; Risk Management; Quantitative Finance; Financial Engineering; Financial Accounting
Fraud and Corruption,"Peter C. Kratcoski, Maximilian Edelbacher",,Criminology and Criminal Justice; White Collar Crime
Conferencing and Presentation English for Young Academics,Michael Guest,Springer Texts in Education,Education; Language Education; Applied Linguistics; English
A Concise Guide to Market Research,"Marko Sarstedt, Erik Mooi",Springer Texts in Business and Economics,Business and Management; Marketing; Management; Statistics for Business/Economics/Mathematical Finance/Insurance
Global Supply Chain and Operations Management,"Dmitry Ivanov, Alexander Tsipoulanidis, Jörn Schönberger",Springer Texts in Business and Economics,Business and Management; Operations Management; Operations Research/Decision Theory
Introduction to Parallel Computing,"Roman Trobec, Boštjan Slivnik, Patricio Buli?, Borut Robi?",Undergraduate Topics in Computer Science,Computer Science; Programming Techniques; Processor Architectures; Control Structures and Microprogramming; Numeric Computing
Mathematical Logic,Roman Kossak,Springer Graduate Texts in Philosophy,Philosophy; Philosophy of Mathematics; Mathematical Logic and Foundations; Arithmetic and Logic Structures; Logic; Applications of Mathematics
Stability and Control of Linear Systems,Andrea Bacciotti,"Studies in Systems, Decision and Control","Engineering; Control; Systems Theory, Control; Ordinary Differential Equations; Engineering Mathematics"
Introduction to Formal Philosophy,"Sven Ove Hansson, Vincent F. Hendricks",Springer Undergraduate Texts in Philosophy,"Philosophy; Analytic Philosophy; Mathematical Logic and Formal Languages; Mathematical Logic and Foundations; Theoretical, Mathematical and Computational Physics; Moral Philosophy"
Analysis for Computer Scientists,"Michael Oberguggenberger, Alexander Ostermann",Undergraduate Topics in Computer Science,Computer Science; Math Applications in Computer Science; Computational Mathematics and Numerical Analysis; Mathematical and Computational Engineering; Discrete Mathematics in Computer Science
International Business Management,"Kamal Fatehi, Jeongho Choi",Springer Texts in Business and Economics,Business and Management; Cross-Cultural Management; Business Strategy/Leadership; Human Resource Management; Business Information Systems
Research Methods for the Digital Humanities,"lewis levenberg, Tai Neilson, David Rheams",,Cultural and Media Studies; Digital/New Media; Digital Humanities; Research Methodology; Media Research; Culture and Technology
Introductory Computer Forensics,Xiaodong Lin,,Computer Science; Security; Forensic Science; Cybercrime; Multimedia Information Systems
Control Engineering,"László Keviczky, Ruth Bars, Jen? Hetthéssy, Csilla Bányász",Advanced Textbooks in Control and Signal Processing,"Engineering; Control; Systems Theory, Control; Computer Applications"
Control Engineering: MATLAB Exercises,"László Keviczky, Ruth Bars, Jen? Hetthéssy, Csilla Bányász",Advanced Textbooks in Control and Signal Processing,"Engineering; Control; Systems Theory, Control; Computer Applications"
"ENZYMES: Catalysis, Kinetics and Mechanisms",N.S. Punekar,,Life Sciences; Enzymology; Protein-Ligand Interactions; Biomedical Engineering/Biotechnology; Applied Microbiology; Protein Structure
Automatic Control with Experiments,"Victor Manuel Hernández-Guzmán, Ramón Silva-Ortigoza",Advanced Textbooks in Control and Signal Processing,"Engineering; Control; Systems Theory, Control; Power Electronics, Electrical Machines and Networks; Industrial and Production Engineering"
Internet of Things From Hype to Reality,"Ammar Rayes, Samer Salam",,"Engineering; Communications Engineering, Networks; Electronics and Microelectronics, Instrumentation; Information Systems Applications (incl.Internet); User Interfaces and Human Computer Interaction"
Quantitative Methods for the Social Sciences,Daniel Stockemer,,"Social Sciences; Methodology of the Social Sciences; Statistics for Social Science, Behavorial Science, Education, Public Policy, and Law; Statistics and Computing/Statistics Programs"
A Pythagorean Introduction to Number Theory,Ramin Takloo-Bighash,Undergraduate Texts in Mathematics,Mathematics; Number Theory
Philosophical and Mathematical Logic,Harrie de Swart,Springer Undergraduate Texts in Philosophy,Philosophy; Epistemology; Mathematical Logic and Formal Languages; Mathematical Logic and Foundations
Structural Dynamics,"Mario Paz, Young Hoon Kim",,Engineering; Civil Engineering
"Plant Physiology, Development and Metabolism","Satish C Bhatla, Manju A. Lal",,Life Sciences; Plant Physiology; Plant Anatomy/Development; Plant Ecology; Plant Breeding/Biotechnology; Plant Genetics and Genomics
Quantum Mechanics for Pedestrians 1,Jochen Pade,Undergraduate Lecture Notes in Physics,"Physics; Quantum Physics; Quantum Field Theories, String Theory; Mathematical Applications in the Physical Sciences; Quantum Information Technology, Spintronics; Mathematical Methods in Physics"
Plant Anatomy,"Richard Crang, Sheila Lyons-Sobaski, Robert Wise",,Life Sciences; Plant Anatomy/Development; Plant Genetics and Genomics; Microbial Genetics and Genomics
Quantum Mechanics for Pedestrians 2,Jochen Pade,Undergraduate Lecture Notes in Physics,"Physics; Quantum Physics; Quantum Field Theories, String Theory; Mathematical Applications in the Physical Sciences; Quantum Information Technology, Spintronics"
Excel Data Analysis,Hector Guerrero,,Business and Management; Operations Research/Decision Theory; Probability Theory and Stochastic Processes; Statistics for Business/Economics/Mathematical Finance/Insurance; Organization; Business Mathematics; IT in Business
Quick Start Guide to VHDL,Brock J. LaMeres,,Engineering; Circuits and Systems; Processor Architectures; Logic Design
Java in Two Semesters,"Quentin Charatan, Aaron Kans",Texts in Computer Science,"Computer Science; Programming Languages, Compilers, Interpreters; Java; Control Structures and Microprogramming; Computer System Implementation"
Managing Media and Digital Organizations,Eli M. Noam,,Cultural and Media Studies; Media and Communication; Media Management; Culture and Technology; Cultural Management; Management
Media and Digital Management,Eli M. Noam,,Cultural and Media Studies; Media and Communication; Media Management; Business Information Systems
"An Anthology of London in Literature, 1558-1914","Geoffrey G. Hiller, Peter L. Groves, Alan F. Dilnot",,Popular Science; Popular Science in Literature; British and Irish Literature; Early Modern/Renaissance Literature; Eighteenth-Century Literature; History of Britain and Ireland; Nineteenth-Century Literature
Astronautics,Ulrich Walter,,"Engineering; Aerospace Technology and Astronautics; Space Sciences (including Extraterrestrial Physics, Space Exploration and Astronautics); Classical Mechanics; Classical and Quantum Gravitation, Relativity Theory"
Perceptual Organization,Stephen Handel,,Psychology; Cognitive Psychology; Neuropsychology; Neurosciences; Audio-Visual Culture
Research Methods for Social Justice and Equity in Education,"Kamden K. Strunk, Leslie Ann Locke",,"Education; Research Methods in Education; Social Justice, Equality and Human Rights; Social Work; Teaching and Teacher Education"
Educational Technology,"Ronghuai Huang, J. Michael Spector, Junfeng Yang",Lecture Notes in Educational Technology,Education; Educational Technology; Computers and Education
Quick Start Guide to Verilog,Brock J. LaMeres,,Engineering; Circuits and Systems; Processor Architectures; Logic Design
Spine Surgery,"Bernhard Meyer, Michael Rauschmann",,Medicine & Public Health; Neurosurgery; Surgical Orthopedics
Introduction to Logic Circuits & Logic Design with VHDL ,Brock J. LaMeres,,Engineering; Circuits and Systems; Processor Architectures; Logic Design
Social Justice Theory and Practice for Social Work,"Lynelle Watts, David Hodgson",,"Social Sciences; Social Work; Social Justice, Equality and Human Rights; Political Philosophy; Children, Youth and Family Policy"
School Leadership and Educational Change in Singapore,"Benjamin Wong, Salleh Hairon, Pak Tee Ng",Springer Texts in Education,"Education; Administration, Organization and Leadership; Educational Policy and Politics; Schools and Schooling"
Digital Business Models,Bernd W. Wirtz,Progress in IS,Business and Management; e-Business/e-Commerce; e-Commerce/e-business; Organization; Innovation/Technology Management; Entrepreneurship
Introduction to Logic Circuits & Logic Design with Verilog,Brock J. LaMeres,,Engineering; Circuits and Systems; Processor Architectures; Logic Design
Pharmaceutical Biotechnology,"Daan J. A. Crommelin, Robert D. Sindelar, Bernd Meibohm",,Biomedicine; Pharmaceutical Sciences/Technology; Biomedical Engineering/Biotechnology
Mapping Global Theatre Histories,Mark Pizzato,,Cultural and Media Studies; Theatre History; Performing Arts; Global/International Theatre and Performance
Social Marketing in Action,"Debra Z. Basil, Gonzalo Diaz-Meneses, Michael D. Basil",Springer Texts in Business and Economics,Business and Management; Consumer Behavior; Market Research/Competitive Intelligence; Management Education
Analyzing Qualitative Data with MAXQDA,"Udo Kuckartz, Stefan Rädiker",,"Social Sciences; Methodology of the Social Sciences; Statistics for Social Science, Behavorial Science, Education, Public Policy, and Law; Research Methods in Education; Statistics and Computing/Statistics Programs; Statistics for Life Sciences, Medicine, Health Sciences; Statistics for Business/Economics/Mathematical Finance/Insurance"
Handbook of Evolutionary Research in Archaeology,Anna Marie Prentiss,,Social Sciences; Archaeology
Evidence-Based Practice in Clinical Social Work,"James W. Drisko, Melissa D. Grady",Essential Clinical Social Work Series,Psychology; Psychotherapy and Counseling; Social Work; Psychotherapy; Social Policy
Foundations of Behavioral Health,"Bruce Lubotsky Levin, Ardis Hanson",,Psychology; Health Psychology; Public Health; Psychiatry; Social Work
Social Psychology in Action,"Kai Sassenberg, Michael L.W. Vliek",,Psychology; Personality and Social Psychology; Applied Psychology; Psychological Methods/Evaluation
Essentials of Business Analytics,"Bhimasankaram Pochiraju, Sridhar Seshadri",International Series in Operations Research & Management Science,Business and Management; Operations Research/Decision Theory; Statistics for Business/Economics/Mathematical Finance/Insurance; Big Data/Analytics
A Course in Rasch Measurement Theory,"David Andrich, Ida Marais",Springer Texts in Education,"Education; Research Methods in Education; Methodology of the Social Sciences; Statistics for Social Science, Behavorial Science, Education, Public Policy, and Law; Assessment, Testing and Evaluation; Psychometrics; Research Skills"
Multimedia Big Data Computing for IoT Applications,"Sudeep Tanwar, Sudhanshu Tyagi, Neeraj Kumar",Intelligent Systems Reference Library,Engineering; Computational Intelligence; Big Data; Multimedia Information Systems; Information Systems Applications (incl.Internet)
Policing and Minority Communities,"James F. Albrecht, Garth den Heyer, Perry Stanislas",,"Criminology and Criminal Justice; Policing; Ethnicity, Class, Gender and Crime"
A Beginners Guide to Python 3 Programming,John Hunt,Undergraduate Topics in Computer Science,"Computer Science; Programming Languages, Compilers, Interpreters; Python; Database Management"
Advanced Guide to Python 3 Programming,John Hunt,Undergraduate Topics in Computer Science,"Computer Science; Programming Languages, Compilers, Interpreters; Python; Database Management"
Food Fraud Prevention,John W. Spink,Food Microbiology and Food Safety,"Life Sciences; Food Microbiology; Food Science; Criminal Law; Medicine/Public Health, general"
Plant Ecology,"Ernst-Detlef Schulze, Erwin Beck, Nina Buchmann, Stephan Clemens, Klaus Müller-Hohenstein, Michael Scherer-Lorenzen",,Life Sciences; Plant Ecology; Plant Physiology; Plant Biochemistry; Plant Genetics and Genomics; Climate Change
