"Fundamentals of data structures in Pascal (Computer software engineering series)", "Ellis Horowitz", Computer Engineering
"Symmetrical Components for Power Systems Engineering: 85", "J. Lewis Blackburn", Computer Engineering
"Computer Engineering Handbook", "C.H. Chen", Computer Engineering
"Trends in Intelligent Systems and Computer Engineering", "Oscar Castillo", Computer Engineering
"Mathematics: The Language of Electrical and Computer Engineering", "Li Xu", Computer Engineering
"Computer Engineering Sample Exam for the Electrical and Computer PE Exam", "Yannis Viniotis", Computer Engineering
"Fundamentals Handbook of Electrical & Computer Engineering: Computer Hardware, Software & Applications", "H. Joel Trussell", Computer Engineering
"Computer-Aided Design, Engineering, and Manufacturing: Systems Techniques and Applications, Volume II, Computer-Integrated Manufacturing", "John A. Camara", Computer Engineering
"TRB LECTURERS COMPUTER SCIENCE ENGINEERING", "Sheldon S.L. Chang", Computer Engineering
"TRB Lecturers ( Computer Science & Engineering ) Exam ( Govt Polytechnic Colleges ) Books 2017", "Cornelius T. Leondes", Computer Engineering
"Computer Application for Engineering", "Editorial Board", Computer Engineering
"Software Process Quality: Management and Control", "A Pannel of Authors", Computer Engineering
"Wiley Encyclopedia of Computer Science and Engineering", "TRB Lecturers ( Computer Science & Engineering ) Exam ( Govt Polytechnic Colleges ) Books 2017", Computer Engineering
"Boolean Models and Methods in Mathematics, Computer Science, and Engineering", "Rajiv Khanna", Computer Engineering
"PE Electrical and Computer: Computer Engineering Sample Questions and Solutions", "Ron S. Kenett", Computer Engineering
"Adaptive Control Systems: Techniques and Applications: 39", "Emanuel R. Baker", Computer Engineering
"Introduction To Computer Engineering", "Benjamin W. Wah", Computer Engineering
"Computer Application For Engineering", "Yves Crama", Computer Engineering
"What Can Be Automated?: Computer Science and Engineering Research Study", "Peter L. Hammer", Computer Engineering
"Digital Logic And Sequential Machine Design (H R W Series In Electrical And Computer Engineering)", "National Council of Examiners for Engineering and Surveying", Computer Engineering
"An Integrated Course in Electrical Engineering (With More Than 15,000 Objective Type Questions & Answers)", "J.B. Gupta", Electrical Engineering
"Fundamentals Of Electrical Engineering And Electronics", "B.L. Theraja", Electrical Engineering
"Principles Of Electrical Engineering And Electronics", "V.K. Mehta", Electrical Engineering
"Mechatronics: Electronic Control Systems in Mechanical and Electrical Engineering", "W. Bolton", Electrical Engineering
"Electrical Engineering Fundamentals", "Vincent Del Toro", Electrical Engineering
"Question Bank in Electrical Engineering", "J.B. Gupta", Electrical Engineering
"Explanation/Solutions to An Integrated Course in Electrical Engineering", "J.B.Gupta", Electrical Engineering
"Fundamentals of Electrical Engineering", "Leonard S. Bobrow", Electrical Engineering
"Oxford English for Electrical and Mechanical Engineering: Answer Book with Teaching Notes", "Eric H. Glendinning", Electrical Engineering
"Basic Electrical Engineering", "Norman Glendinning", Electrical Engineering
"electrical engineering", "T.K. Nagsarkar", Electrical Engineering
"ABC of Electrical Engineering", "B.L. Theraja", Electrical Engineering
"Basic Electrical Engineering", "B.L. Theraja", Electrical Engineering
"Basic Electrical Engineering Revised First Edition", "A.K. Theraja", Electrical Engineering
"Basic Electrical and Electronics Engineering", "D.P. Kothari", Electrical Engineering
"Student Solutions Manual for Probability, Statistics, and Random Processes for Electrical Engineering", "I.J. Nagrath", Electrical Engineering
"Elements Of Electrical And Mechanical Engineering", "D.C. Kulshreshtha", Electrical Engineering
"Basic Electrical and Electronics Engineering Book", "R. Muthusubramanian", Electrical Engineering
"Electrical Engineering", "Alberto León García", Electrical Engineering
"Mechatronics: Electronic Control Systems in Mechanical and Electrical Engineering", "B.L. Theraja", Electrical Engineering
"Basic Electrical and Electronics Engineering", "S.K. Bhattacharya", Electrical Engineering
"Electrical Engineering 101: Everything You Should Have Learned in School...but Probably Didn't", "Darren Ashby", Electrical Engineering
"Fundamentals of Electrical Engineering", "Ashfaq Husain", Electrical Engineering
"Circuit Analysis for Complete Idiots", "Harroon Ashfaq", Electrical Engineering
"Basic Electrical Engineering", "David Smith", Electrical Engineering
"Instructor's Manual for Fundamentals of Electrical Engineering", "A.E. Fitzgerald", Electrical Engineering
"Electrical Engineering: Principles and Applications", "David E. Higginbotham", Electrical Engineering
"The Standard Electrical Dictionary A Popular Dictionary of Words and Terms Used in the Practice of Electrical Engineering", "Arvin Grabel", Electrical Engineering
"Objective Electrical Engineering: Study Material with Solved MCQs: With Study Material", "Leonard S. Bobrow", Electrical Engineering
"Electrical Power Engineering Reference & Applications Handbook", "Allan R. Hambley", Electrical Engineering
"Probability and Random Processes for Electrical Engineering", "Thomas O'Conor Sloane", Electrical Engineering
"A Course in Electrical Technology: Basic Electrical Engineering - Vol. 1", "R. Gupta", Electrical Engineering
"Principles Of Electrical Engineering", "Rajesh Garg", Electrical Engineering
"Electromagnetic Theory for Complete Idiots", "K.C. Agrawal", Electrical Engineering
"Instructor's Solutions Manual To Accompany "Design Of Analog Filters" (The Oxford Series In Electrical & Computer Engineering)", "Alberto León García", Electrical Engineering
"English in Electrical Engineering and Electronics: Teacher's Edition", "J.B. Gupta", Electrical Engineering
"Competency in Marine Electrical Engineering", "Rohit Mehta", Electrical Engineering
"Structure and Interpretation of Computer Programs", "David Smith", Electrical Engineering
"Electrical Engineering Materials", "Rolf Schaumann", Electrical Engineering
"Control Systems for Complete Idiots", "M.E. Van Valkenburg", Electrical Engineering
"A Textbook of Basic Electrical and Electronics Engineering", "J.B. Gupta", Electrical Engineering
"Probability, Statistics, and Random Processes for Electrical Engineering", "Alberto León García", Electrical Engineering
"Principles of Electrical Engineering and Electronics", "Mehta V.K.", Electrical Engineering
"Electrical Engineering Drawing-I", "Mehta Rohit", Electrical Engineering
"BASICS OF ELECTRICAL ENGINEERING AND ELECTRONIC COMPONENTS", "Surjit Singh", Electrical Engineering
"GATE-2014 Electrical Engineering", "K. Shashidhar", Electrical Engineering
"Circuits, Devices and Systems: A First Course in Electrical Engineering", "J.B. Gupta", Electrical Engineering
"Basic Electrical Engineering", "Ralph Judson Smith", Electrical Engineering
"Implementation of Functional Multiprocessors: Electronic and Electrical Engineering Research", "Richard C. Dorf", Electrical Engineering
"Electrical Engineering: by Knowledge flow", "Rohit Mehta", Electrical Engineering
"Electrical and Electronics Engineering Materials", "O. Boudillet", Electrical Engineering
"GATE Electrical Engineering Vol 2 (GATE 2015 EE by R. K. Kanodia 4 Volume Set)", "Knowledge flow", Electrical Engineering
"A Textbook Of Electrical Engineering", "Raj Kumar Jat", Electrical Engineering
"GATE Electrical Engineering Vol 1 (GATE 2015 EE by R. K. Kanodia 4 Volume Set)", "Younish Pathan", Electrical Engineering
"Principles of Electrical Engineering", "J.B. Gupta", Electrical Engineering
"Basic Concepts of Electrical Engineering", "R.K. Kanodia", Electrical Engineering
"ABC of Electrical Engineering", "Ashish Murolia", Electrical Engineering
"Electrical Engineering Sampler: Baker, Li, Ott, Kossiakoff, Holma, Jakobsson, Burton", "R.K. Rajput", Electrical Engineering
"Electrical Machine Principles: A Must Have Guide for Students and Professionals (Electrical Engineering Book 1)", "R.K. Kanodia", Electrical Engineering
"Principles of Electrical Engineering Materials and Devices", "Ashish Murolia", Electrical Engineering
"Electrical Engineering: Solutions Manual", "Allan R. Hambley", Electrical Engineering
"Basic Electrical Engineering", "C.L. Wadhwa", Electrical Engineering
"Essentials of Electrical and Computer Engineering [With Removable Reference Cards]", "David V. Kerns", Electrical Engineering
"Microelectronic Circuits (Oxford Series in Electrical and Computer Engineering)", "J. David Irwin", Electrical Engineering
"Electrical Engineering: A Pocket Reference", "Adel S. Sedra", Electrical Engineering
"Collected Tesla Writings; Scientific Papers and Articles by Tesla and Others about Tesla's Work Primarily in the Field of Electrical Engineering", "Kenneth C. Smith", Electrical Engineering
"Pocket Book of Electrical Engineering Formulas", "Heinz Schmidt-Walter", Electrical Engineering
"Solutions Manual Accompanying "Elements Of Electromagnetics" (The Oxford Series In Electrical & Computer Engineering)", "Nikola Tesla", Electrical Engineering
"Electrical Transformers: A Top Graded Study for Students and Professionals (Electrical Engineering Book 2)", "Richard C. Dorf", Electrical Engineering
"Electrical Engineering: Know It All", "Matthew N.O. Sadiku", Electrical Engineering
"Fundamentals of Electrical and Electronics Engineering", "Jerry Sagliocca", Electrical Engineering
"Fundamentals of Electrical Engineering and Technology", "Ryan Godsell", Electrical Engineering
"Fundamentals of Electrical Engineering", "Clive Maxfield", Electrical Engineering
"Basic Electrical and Electronics Engineering", "Tim Williams", Electrical Engineering
"Arduino for Complete Idiots", "John Bird", Electrical Engineering
"Solutions Manual To Accompany Engineering Electromagnetics", "Smarajit Ghosh", Electrical Engineering
"Principles and Applications of Electrical Engineering", "William D. Stanley", Electrical Engineering
"3500 MCQs: Electrical Engineering - Practice Book for ESE, GATE & PSUs", "J.B Gupta", Electrical Engineering
"Basic Electrical Engineering", "P.V. Prasad", Electrical Engineering
"Introduction to Electrical and Computer Engineering", "R. Prasad", Electrical Engineering
"Electrical Engineering Interview Questions and Answers (1000 + Important Questions)", "Rahul Nigam", Electrical Engineering
"Magnetic Circuits and Transformers: A First Course For Power & Communication Engineers", "Mit Electrical Engineering Service", Electrical Engineering
"Engineering Electromagnetics with CD (McGraw-Hill Series in Electrical Engineering)", "William H. Hayt Jr.", Electrical Engineering
"Electrical Engineering 101", "John A. Buck", Electrical Engineering
"The Electrical Engineering Handbook", "WAGmob", Electrical Engineering
"Electricity Power Systems: A Comprehensive Guide for Students and Professionals (Electrical Engineering Book 3)", "Richard C. Dorf", Electrical Engineering
"Transmission and Distribution Electrical Engineering", "Ryan Godsell", Electrical Engineering
"Basic Electrical and Electronics Engineering", "Colin Bayliss", Electrical Engineering
"Basic Electrical Engineering", "Brian Hardy", Electrical Engineering
"Circuits, Devices and Systems: A First Course in Electrical Engineering", "B.R. Patil", Electrical Engineering
"Baby Loves Electrical Engineering on Christmas!", "Anwani", Electrical Engineering
"Schaum's Outline of Basic Electrical Engineering", "Ralph Judson Smith", Electrical Engineering
"Basics of Electrical Engineering", "Ruth Spiro", Electrical Engineering
"Basic Electrical Engineering", "Irene Chan", Electrical Engineering
"Instrumentation and Measurement in Electrical Engineering", "Jimmie J. Cathey", Electrical Engineering
"CONCEPTS OF ELECTRICAL AND ELECTRONICS ENGINEERING", "Sanjeev Sharma", Electrical Engineering
"Basic Electrical and Electronics Engineering", "S.N. Singh", Electrical Engineering
"Electrical Engineering 5800 + MCQs Practice Book for SSC-JE , Assistant Engineer & Junior Engineer", "Roman Malaric", Electrical Engineering
"Handbook & Formula Book Electrical Engineering GATE, IES & PSUs", "K. Shashidhar", Electrical Engineering
"FE Exam Review: Electrical and Computer Engineering", "R.K. Rajput", Electrical Engineering
"Electrical Engineering Circuits", "Hugh Hildreth Skilling", Electrical Engineering
"DECODE-Basic Electrical Engineering JNTU H B.TECH ( I-I EEE/CSE/IT/ I-II ECE R18)", "U.A. Bakshi", Electrical Engineering
"Introductory Circuits for Electrical and Computer Engineering", "James W. Nilsson", Electrical Engineering
"Introduction to Electrical Engineering", "Susan A. Riedel", Electrical Engineering
"Electrical Engineering FE/EIT Exam Prep", "J. David Irwin", Electrical Engineering
"Direct Energy Conversion", "Lincoln D. Jones", Electrical Engineering
"Theory and Problems of Basic Electrical Engineering", "Howard A. Smolleck", Electrical Engineering
"Electromagnetic Foundations of Electrical Engineering", "M.Ali Kettani", Electrical Engineering
"Electrical Engineering: Objective Type", "D.P. Kothari", Electrical Engineering
"Control System Theory", "J.A. Brandão Faria", Electrical Engineering
"A Course In Electrical Engineering Materials,3/E", "S.S. Gupta", Electrical Engineering
"ELEMENTS OF ELECTRICAL ENGINEERING", "Olle I. Elgerd", Electrical Engineering
"Wiley Encyclopedia of Electrical and Electronics Engineering, 24 Volume Set", "Seth S P", Electrical Engineering
"Higher Electrical Engineering", "M. Maria Louis", Electrical Engineering
"Mathematics for Electrical Engineering and Computing", "John G. Webster", Electrical Engineering
"GATE Electrical Engineering Vol 4 (GATE 2015 EE by R. K. Kanodia 4 Volume Set)", "J. Shepherd", Electrical Engineering
"Practical Electrical Engineering", "A.H. Morton", Electrical Engineering
"Fundamentals of Electrical Engineering", "L.F. Spence", Electrical Engineering
"Objective Electrical Engineering", "Mary Attenborough", Electrical Engineering
"Bayesian Methods in the Search for MH370", "R.K. Kanodia", Electrical Engineering
"Introduction to Electrical Engineering: Book and CD-ROM", "Mulukutla S. Sarma", Electrical Engineering
"Basic Electrical and Electronics Engineering", "D.P. Kothari", Electrical Engineering
"DECODE Basic Electrical Engineering for SPPU (FE Sem-I/II 2012 COURSE)", "I.J. Nagrath", Electrical Engineering
"GATE 2015 Electrical Engineering Book", "DECODE", Electrical Engineering
"Electrical engineering without previous knowledge : Understand the basics within 7 days", "Anonymous", Electrical Engineering
"Electrical Engineering", "Benjamin Spahic", Electrical Engineering
"The Beginner's Guide to Engineering: Electrical Engineering", "R.K. Rajput", Electrical Engineering
"Basic Electrical Engineering", "Mary Ellen Latschar", Electrical Engineering
"Found Electrical Engineering", "K. Uma Rao", Electrical Engineering
"Basic Electrical And Electronic Engineering", "A. Jayalaxmi", Electrical Engineering
"Electrical and Electronics Engineering", "Leonard S. Bobrow", Electrical Engineering
"Foundations of Electrical Engineering", "E.C. Bell", Electrical Engineering
"A Common Language for Electrical Engineering: Lone Pine Writings", "W. Bolton", Electrical Engineering
"Principles and Practice of Electrical Engineering Review", "Knowledge flow", Electrical Engineering
"Basic Electrical Engineering", "John R. Cogdell", Electrical Engineering
"BASIC ELECTRICAL ENGINEERING", "Eric P Dollard", Electrical Engineering
"A Degree in a Book: Electrical and Mechanical Engineering: Everything You Need to Know to Master the Subject - In One Book!", "Merle C. Potter", Electrical Engineering
"Sedra/Smith Package #2: Microelectronic Circuits, Fifth Edition And Kc's Problems And Solutions (The Oxford Series In Electrical And Computer Engineering)", "J.B. Gupta", Electrical Engineering
"Basic Electrical and Electronics Engineering", "D. Kothari", Electrical Engineering
"Fundamentals of Electrical Engineering", "I.J. Nagrath", Electrical Engineering
"Mechatronics: Electronic Control Systems in Mechanical and Electrical Engineering", "W. Bolton", Mechanical Engineering
"Oxford English for Electrical and Mechanical Engineering: Answer Book with Teaching Notes", "Eric H. Glendinning", Mechanical Engineering
"Mechanical Engineering Design", "Norman Glendinning", Mechanical Engineering
"Shigley's Mechanical Engineering Design", "Joseph Edward Shigley", Mechanical Engineering
"Elements Of Electrical And Mechanical Engineering", "Richard G. Budynas", Mechanical Engineering
"Solutions Manual For Fundamentals Of Machining And Machine Tools, Third Edition", "Richard G. Budynas", Mechanical Engineering
"Mechanical Engineering Objective", "J. Keith Nisbett", Mechanical Engineering
"Mechatronics: Electronic Control Systems in Mechanical and Electrical Engineering", "B.L. Theraja", Mechanical Engineering
"GATE in 75 Days Mechanical Engineering", "Geoffrey Boothroyd", Mechanical Engineering
"Mechanical Engineering Reference Manual for the PE Exam", "R.K. Jain", Mechanical Engineering
"2000 Solved Problems in Mechanical Engineering Thermodynamics", "W. Bolton", Mechanical Engineering
"Elements of Mechanical Engineering", "Marut Tiwari", Mechanical Engineering
"Fundamentals Of Mechanical Engineering: Multiple Choice Questions", "Michael R. Lindeburg", Mechanical Engineering
"Mechanical Engineering Objective Type", "P.E. Liley", Mechanical Engineering
"Fundamentals Of Mechanical Engineering: Thermodynamics, Mechanics And Strength Of Materials", "A. Bala Suadhakar", Mechanical Engineering
"Mechanical Engineering Principles", "A.R. Lsrani", Mechanical Engineering
"Basics of Mechanical Engineering", "S.M. Bhatt", Mechanical Engineering
"English in Mechanical Engineering: Teacher's Edition", "L.N. Mishra", Mechanical Engineering
"Mechanical Engineering for Makers: A Hands-on Guide to Designing and Making Physical Things", "D.Handa & H.B.Keswani", Mechanical Engineering
"Mechanical Engineering for competitions", "G.S. Sawhney", Mechanical Engineering
"Mechanics of Composite Materials (Mechanical and Aerospace Engineering Series)", "Autar K. Kaw", Mechanical Engineering
"Basic Mechanical Engineering", "R.K. Rajput", Mechanical Engineering
"Fundamentals of Mechanical Engineering: Thermodynamics, Mechanics, Theory of Machines and Strength of Materials", "G.S. Sawhney", Mechanical Engineering
"Mechanical Engineering Handbook: For The Engineers", "Navy Feroz", Mechanical Engineering
"Finite Element Methods for 6th Sem (Mechanical Engineering) PB", "Halesh S B", Mechanical Engineering
"Mechanical Engineering Science", "Hannah Hillier", Mechanical Engineering
"Mechanical Engineering Handbook", "Research & Education Association", Mechanical Engineering
"SSC JE: Mechanical Engineering - Topicwise Previous Solved Papers", "Made Easy Editorial Board", Mechanical Engineering
"Mechanical Engineering Objective Type Q And A", "Om Prakash Gupta", Mechanical Engineering
"Science and Civilisation in China, Volume 4: Physics and Physical Technology, Part 2: Mechanical Engineering", "Joseph Needham", Mechanical Engineering
"Practice Problems for the Mechanical Engineering PE Exam: : A Companion to the Mechanical Engineering Reference Manual", "C. Cullen", Mechanical Engineering
"Basic Mechanical Engineering", "Michael R. Lindeburg", Mechanical Engineering
"Hand Book of Mechanical Engineering", "R.L. Timings", Mechanical Engineering
"The Language Of Mechanical Engineering In English", "Sadhu Singh", Mechanical Engineering
"Elements Of Mechanical Engineering", "Eugene J. Hall", Mechanical Engineering
"Solving Mechanical Engineering Problems with Matlab", "J.R. Mehta", Mechanical Engineering
"Mechanical Engineering", "Simin Nasseri", Mechanical Engineering
"Solutions Manual   Maintenance Replacement And Reliability", "R.K. Bansal", Mechanical Engineering
"Mechanical Engineering for Competitions", "Andrew K.S. Jardine", Mechanical Engineering
"Heat Pipe Science And Technology (Mechanical Engineering", "R.K. Jain", Mechanical Engineering
"Mechanical Engineering 101: The TextVook", "Vook", Mechanical Engineering
"Mechanical Engineering 101", "WAGmob", Mechanical Engineering
"MECHANICAL ENGINEERING (UPPSC/STATE PSC/PSU/IES-AE): UPPSC/STATE PSC/PSU/IES-AE (20200326 Book 634)", "YCT EXPERT TEAM", Mechanical Engineering
"Technical Interview E-Book Mechanical Engineering: Interview Questions and Answers", "Objective Books", Mechanical Engineering
"Solutions manual to accompany 'Mechanical engineering design'", "Joseph Edward Shigley", Mechanical Engineering
"Mechanical Engineering", "D.S. Kumar", Mechanical Engineering
"Textbook of Elements of Mechanical Engineering", "S. Trymbaka Murthy", Mechanical Engineering
"Engineering Considerations Of Stress, Strain, And Strength (Mcgraw Hill Series In Mechanical Engineering)", "Robert C. Juvinall", Mechanical Engineering
"Basic Mechanical Engineering", "Basant Agrawal", Mechanical Engineering
"Mechanical Engineering", "C.M. Agrawal", Mechanical Engineering
"A History Of Mechanical Engineering", "Joyeeta Gupta", Mechanical Engineering
"A Handbook for Mechanical Engineering", "Aubrey F. Burstall", Mechanical Engineering
"Mechanical Engineering 4200 + MCQs Practice Book for RRB-JE, SSC-JE , BPSC-AE, UPSSSC-JE,DMRC, ISRO , Metro Exams, Assistant Engineer Exams & Junior Engineer Exams", "ME Team", Mechanical Engineering
"An Introduction to Mechanical Engineering", "Engineers Academy Publications", Mechanical Engineering
"The Beginner's Guide to Engineering: Mechanical Engineering", "Jonathan Wickert", Mechanical Engineering
"Dictionary Of Mechanical Engineering", "Mark Huber", Mechanical Engineering
"Mechanical Engineering: Mechanical Engineering", "G.H.F. Nayler", Mechanical Engineering
"Mechanical Alloying And Milling (Mechanical Engineering", "Mahi", Mechanical Engineering
"Elements of Mechanical Engineering", "Cury Suryanarayana", Mechanical Engineering
"Mechanical Engineering Science", "V.K. Manglik", Mechanical Engineering
"DRDO, ISRO : Previous Solved Papers : Mechanical Engineering", "Made Easy Team", Mechanical Engineering
"Steam Plant Calculations Manual", "V. Ganapathy", Mechanical Engineering
"Technical English - Mechanical Engineering", "Michael Giesa", Mechanical Engineering
"Design of Machinery with Student Resource DVD (McGraw-Hill Series in Mechanical Engineering)", "Ulrike Puderbach", Mechanical Engineering
"An Introduction to Mechanical Engineering Part 1", "Robert L. Norton", Mechanical Engineering
"5200 Fully Solved MCQ for IES, GATE & PSUs: Mechanical Engineering", "Michael  Clifford", Mechanical Engineering
"Turbomachinery (Mechanical Engineering", "Kathy Simmons", Mechanical Engineering
"Elements of Mechanical Engineering", "Philip Shipway", Mechanical Engineering
"Shigley's Mechanical Engineering Design, in SI Units", "B. Singh", Mechanical Engineering
"Mechanical Technical Interview: Mechanical Engineering Interview Questions and Answers", "Made Easy Team", Mechanical Engineering
"Heating and Cooling of Buildings: Design for Efficiency (McGraw-Hill Series in Mechanical Engineering)", "Earl Logan Jr.", Mechanical Engineering
"GATE Mechanical Engineering 2016", "D.S. Kumar", Mechanical Engineering
"PPI Mechanical Engineering Reference Manual, 14th Edition (Hardcover) – Comprehensive Reference Manual for the NCEES PE Exam", "Richard G. Budynas", Mechanical Engineering
"Centrifugal Pump Clinic (Mechanical Engineering Series)", "J. Keith Nisbett", Mechanical Engineering
"Proceedings of the Asme International Mechanical Engineering Congress and Exposition--2008: Presented at 2008 Asme International Mechanical Engineering Congress and Exposition, October 31-November 6, 2008, Boston, Massachusetts, USA", "Pranab Debnath", Mechanical Engineering
"Mechanical Engineering MCQ For ESE, GATE, PSUs", "Objective Books", Mechanical Engineering
"A Dictionary of Mechanical Engineering", "Jan F. Kreider", Mechanical Engineering
"GATE Tutor 2017 Mechanical Engineering", "GKP", Mechanical Engineering
"All about Mechanical Engineering", "Michael R. Lindeburg", Mechanical Engineering
"Is There a Mechanical Engineer Inside You?: A Student's Guide To Exploring Careers in Mechanical Engineering and Mechanical Engineering Technology", "Igor J. Karassik", Mechanical Engineering
"MECHANICAL VIBRATION -SEMESTER VI -MECHANICAL /AUTOMOBILE ENGINEERING", "DR.F.B.SAYYAD", Mechanical Engineering
"GATE 2019 MECH Practice Booklet 1116 Expected Questions with Solutions for Mechanical Engineering Volume 1", "tech -max", Mechanical Engineering
"MECHANICAL ENGINEERING", "Subject Experts of the ACE Engineering Academy", Mechanical Engineering
"Basic Programs for Steam Plant Engineers: Boilers, Combustion, Fluid Flow and Heat Transfer (Mechanical Engineering", "R S Khurmi", Mechanical Engineering
"Mechanical Engineering", "V. Ganapathy", Mechanical Engineering
"Basic Mechanical Engineering", "Don Herweck", Mechanical Engineering
"Gate 2018: Mechanical Engineering Solved Papers", "Pravin Kumar", Mechanical Engineering
"A Degree in a Book: Electrical and Mechanical Engineering: Everything You Need to Know to Master the Subject - In One Book!", "Made Easy Editorial Board", Mechanical Engineering
"Mechanical Engineering GATE 2018", "David Baker", Mechanical Engineering
"Mechanical Engineering Objective: Mechanical Engineering Objective Questions with Answers", "Dinesh Nath Goswami", Mechanical Engineering
"The CRC Handbook of Mechanical Engineering", "Pranab Debnath", Mechanical Engineering
"Mechanical Engineering Review Manual: A Complete Review Course for the P.E. Examination for Mechanical Engineers", "Frank Kreith", Mechanical Engineering
"Rotordynamics (Mechanical Engineering", "Michael R. Lindeburg", Mechanical Engineering
"Mechanical Engineering for Hackers: A Guide to Designing, Prototyping, and Manufacturing Hardware", "Agnieszka Muszynska", Mechanical Engineering
"Vehicle Stability (Mechanical Engineering", "Will Mcleod", Mechanical Engineering
"Understanding Electro-Mechanical Engineering: An Introduction to Mechatronics", "Dean C. Karnopp", Mechanical Engineering
"Mechanical Engineering for the Curious: Why Study Mechanical Engineering?", "Lawrence J. Kamm", Mechanical Engineering
"Basic Mechanical Engineering", "Kishor Vaidya", Mechanical Engineering
"PPI 101 Solved Mechanical Engineering Problems – A Comprehensive Reference Manual that Includes 101 Practice Problems for the NCEES Mechanical Engineering Exam", "John Crepeau", Mechanical Engineering
"A Textbook Of Elemetns Of Mechanical Engineering", "Grant Crawford", Mechanical Engineering
"The Secret Science of Sports: The Math, Physics, and Mechanical Engineering Behind Every Grand Slam, Triple Axel, and Penalty Kick", "Jennifer Swanson", Mechanical Engineering
"Basics of Mechanical Engineering: By Knowledge flow", "Knowledge flow", Mechanical Engineering
"Fiber-Reinforced Composites: Materials, Manufacturing, and Design, Third Edition", "Raj Kumar Jat", Mechanical Engineering
"MCQ: IES/GATE/PSUs: Mechanical Engineering", "Younish Pathan", Mechanical Engineering
"Basic Mechanical Engineering", "P.K. Mallick", Mechanical Engineering
"SSC-JE Mains Mechanical Engineering Subjectwise Conventional Solved Papers", "Made Easy Team", Mechanical Engineering
"2016 Gate Mechanical Engineering and PI Engineering", "C.M. Agrawal Basant Agrawal", Mechanical Engineering
"Objective Mechanical Engineering and Technical Interview E-book: Mechanical Engineering Objective Questions with Answers + Technical Interview E-Book Download", "IES Master Team", Mechanical Engineering
"Elements Of Mechanical Engineering: For K.U, M.D.U. And G.J.U. Haryana", "Made Easy", Mechanical Engineering
"Mechanical Engineering GATE 2019", "Objective Books", Mechanical Engineering
"A Brief History of Mechanical Engineering", "R.K. Rajput", Mechanical Engineering
"Elements of Mechanical Engineering", "Dinesh Nath Goswami", Mechanical Engineering
"Springer Handbook Of Mechanical Engineering", "Uday Shanker Dixit", Mechanical Engineering
"Mechanical Engineering for Makers", "Manjuri Hazarika", Mechanical Engineering
"Mechanical Engineering 1000 Questions-Ans.", "Joao Paulo Davim", Mechanical Engineering
"Mechanical Engineering Objective Type More Than 10,000 Objective Type Questions", "P.N. Gupta", Mechanical Engineering
"Lubrication Fundamentals (Mechanical Engineering", "M.P. Poonia", Mechanical Engineering
"Heat Exchanger Design Handbook (Mechanical Engineering", "Karl-Heinrich Grote", Mechanical Engineering
"Mechanical Engineering: Handbook For Formulas", "Brian Bunnell", Mechanical Engineering
"Gate Guide Mechanical Engineering 2017", "Samer Najia", Mechanical Engineering
"Mechanical Engineering Handbook", "R.K. Jain", Mechanical Engineering
"Principles of Mechanical Engineering", "Sadhu Singh", Mechanical Engineering
"Mechanical Design Engineering Handbook", "Peter R.N. Childs", Mechanical Engineering
"Handbook of Mechanical Engineering", "Singh Sadhu", Mechanical Engineering
"Rotordynamics. Mechanical Engineering: A Series of Textbooks and Reference Books.", "Agnieszka Muszynska", Mechanical Engineering
"Quick Reference for the Mechanical Engineering PE Exam", "Michael R. Lindeburg", Mechanical Engineering
"GATE Tutor 2015: Mechanical Engineering", "Er. Dinesh Nath Goswami", Mechanical Engineering
"Woerterbuch Maschinenbau (109000 Fachuebersetzungen) deutsch-englisch - dictionary mechanical engineering german-english (German Edition) [Kindle Edition]", "Markus Wagner", Mechanical Engineering
"Amazing Feats of Mechanical Engineering", "Chris Eboch", Mechanical Engineering
"Liquid Pipeline Hydraulics (Mechanical Engineering", "E. Shashi Menon", Mechanical Engineering
"DRDO, ISRO: Previous Solved Papers - Mechanical Engineering 2016", "Made Easy Team", Mechanical Engineering
"Handbook of Mechanical Engineering Calculations", "Tyler G. Hicks", Mechanical Engineering
"Automatic Control Systems", "Benjamin C. Kuo", Mechanical Engineering
"Mathematical Handbook for Scientists and Engineers: Definitions, Theorems, and Formulas for Reference and Review", "Farid Golnaraghi", Mechanical Engineering
"Wiley Acing the Gate - Mechanical Engineering", "Granino A. Korn", Mechanical Engineering
"Packaging of Electronic Systems: A Mechanical Engineering Approach", "Theresa M. Korn", Mechanical Engineering
"A Dictionary of Mechanical Engineering", "Ajay Kumar Tamrakar", Mechanical Engineering
"Mechanical Engineering: Btec National Option Units", "James W. Dally", Mechanical Engineering
"ENGLISH AND HINDI JE MECHANICAL ENGINEERING : SSC JE 2019 (20180825 Book 183)", "Tony Atkins", Mechanical Engineering
"A Dictionary of Mechanical Engineering", "Marcel Escudier", Mechanical Engineering
"Question Bank in Electronics & Communication Engineering", "J.B. Gupta", Electronics Engineering
"Basic Electrical and Electronics Engineering", "R. Muthusubramanian", Electronics Engineering
"Basic Electrical and Electronics Engineering Book", "K.R. Niazi", Electronics Engineering
"Basic Electrical and Electronics Engineering", "S.K. Bhattacharya", Electronics Engineering
"An Integrated Course in Electronics & Communication Engineering", "J.B. Gupta", Electronics Engineering
"Electrical Electronics And Telecommunication Engineering", "B.L. Theraja", Electronics Engineering
"A Textbook of Basic Electrical and Electronics Engineering", "J.B. Gupta", Electronics Engineering
"Electrical and Electronics Engineering Materials", "J.B. Gupta", Electronics Engineering
"Objective Electronics Engineering for (Diploma) Competitive Exams", "GKP", Electronics Engineering
"Electronics and Communication Engineering Handbook: For ECE Competitive Examinations", "Susurla V S Suresh", Electronics Engineering
"A Textbook of Electronics Engineering", "Sanjay Sharma", Electronics Engineering
"Fundamentals of Electrical and Electronics Engineering", "Smarajit Ghosh", Electronics Engineering
"Basic Electrical and Electronics Engineering", "P.V. Prasad", Electronics Engineering
"Basic Electronics Solid State ; For The Examinations Of B.E. (Electronics And Communication), Diploma In Electronics And Communication. Engineering (Ece), B.Sc. (Electronics), City And Guilds London I", "R. Prasad", Electronics Engineering
"Basic Electrical and Electronics Engineering", "S. Sivanagaraju", Electronics Engineering
"Electronics & Communication Engineering", "B.L. Theraja", Electronics Engineering
"Electronics and Communication Engineering for GATE", "B.R. Patil", Electronics Engineering
"TANCET M.E Electrical, Electronics and Instrumentation Engineering", "Rajput R.K.", Electronics Engineering
"Basic Electrical and Electronics Engineering", "Kishore Kashyap", Electronics Engineering
"CONCEPTS OF ELECTRICAL AND ELECTRONICS ENGINEERING", "Electronics and Instrumentation Engineering TANCET M.E Electrical", Electronics Engineering
"Basics of Electrical Electronics and Communication Engineering: Conceptual Approach", "K.A. Navas", Electronics Engineering
"Question Bank in Electronics & Communication Engineering", "T.A. Suhail", Electronics Engineering
"Wiley Encyclopedia of Electrical and Electronics Engineering, 24 Volume Set", "Sanjay Sharma", Electronics Engineering
"Basic Electrical and Electronics Engineering", "John G. Webster", Electronics Engineering
"An Integrated Course in Electronics Engineering", "D.P. Kothari", Electronics Engineering
"Electrical and Electronics Engineering", "I.J. Nagrath", Electronics Engineering
"Electronics & Communication Engineering GATE 2018", "J.B. Gupta", Electronics Engineering
"Handbook Series of Electronics & Communication Engineering", "Knowledge flow", Electronics Engineering
"Handbook for Electronics Engineering Technicians", "Ankit Goel", Electronics Engineering
"Principles Of Electrical Engineering And Electronics", "Alka Singh", Electronics Engineering
"Basic Electrical and Electronics Engineering", "Experts Compilation", Electronics Engineering
"Understanding Automotive Electronics: An Engineering Perspective", "Milton Kaufman", Electronics Engineering
"Fundamentals Of Electrical Engineering And Electronics", "Arthur H. Seidman", Electronics Engineering
"Basic Electrical and Electronics Engineering, 1e", "V.K. Mehta", Electronics Engineering
"Engineering Basics: Electrical, Electronics and Computer Engineering", "M.S. Sukhija", Electronics Engineering
"Basics of Electrical & Electronics Engineering for Diploma Karnataka (Sem-I Electronics & Communication Course 2015)", "T.K. Nagsarkar", Electronics Engineering
"A Textbook of Electronics Engineering", "William Ribbens", Electronics Engineering
"Question Bank In Electrical Electronics Engineering", "B.L. Theraja", Electronics Engineering
"A Handbook on Electronics & Communication Engineering", "D.P. Kothari", Electronics Engineering
"TANGED CO & CORPORATION OF CHENNAI / Assistant Engineer / Electronics & Communication Engineering", "V.Santhan Krishnan,M.presh Nave DR.Antony Xavier", Electronics Engineering
"Basic Electrical And Electronics Engineering", "Manoj Kumar", Electronics Engineering
"BASIC ELECTRICAL & ELECTRONICS ENGINEERING", "Sudhir Sharma", Electronics Engineering
"Analysis and synthesis of linear control systems (HRW series in electrical engineering, electronics, and systems)", "Jagjit Malhotra", Electronics Engineering
"Electronics and Communication Engineering GATE 2019", "Ravish Singh", Electronics Engineering
"Electronics Engineering", "Chi-Tsong Chen", Electronics Engineering
"GATE-2014 Electronics & Communication Engineering", "Ankit Goel", Electronics Engineering
"TANCET M.E ENTRANCE - ELECTRONICS AND COMMUNICATION ENGINEERING", "Alka Singh", Electronics Engineering
"A Dictionary of Electronics and Electrical Engineering", "N. Pandey Onkar", Electronics Engineering
"Gate 2018: Electronics Engineering Solved Papers", "N. Pandey Onkar", Electronics Engineering
"Introduction To Electrical , Electronics And Communication Engineering", "J.B. Gupta", Electronics Engineering
"From Compass to Computer: History of Electrical and Electronics Engineering", "M. PRESHNAVE", Electronics Engineering
"GATE Tutor 2015 Electronics & Communication Engineering", "Andrew Butterfield", Electronics Engineering
"Gateway To Gate", "Made Easy Editorial Board", Electronics Engineering
"Basic Electronics Engineering for SPPU 19 Course (FE - I - Common - 104010) - 2020 Edition", "S. Pooranchandra", Electronics Engineering
"Basic Electronics Engineering", "B. Sasikala", Electronics Engineering
"Introduction to linear system theory (Holt, Rinehart and Winston series in electrical engineering, electronics and systems)", "Afzal Khan", Electronics Engineering
"Basic Electrical and Electronics Engineering-II: For Wbut", "W.A. Atherton", Electronics Engineering
"Assessment of the National Institute of Standards and Technology Electronics and Electrical Engineering Laboratory: Fiscal Year 2007", "Er.Ankit Goel", Electronics Engineering
"An Assessment of the National Institute of Standards and Technology Electronics and Electrical Engineering Laboratory: Fiscal Year 2009", "Alka Singh", Electronics Engineering
"Electrical and Electronics Engineering Materials", "Banerjee G.K", Electronics Engineering
"Engineering Electronics: A Practical Approach", "Robert Mauro", Electronics Engineering
"GATE-15 Electronics & Communication Engineering", "ACE Engineering", Electronics Engineering
"Electrical and Electronics Engineering for Scientists and Engineers", "K.A. Krishnamurthy", Electronics Engineering
"Objective Electronics & Telecommunication Engineering", "M.P.Sinha", Electronics Engineering
"Wiley Encyclopedia of Electrical and Electronics Engineering, Volume 4", "Neetu Singh", Electronics Engineering
"GATE Tutor 2017 Electronics & Communication Engineering", "John G. Webster", Electronics Engineering
"Electronics And Communication Engineering", "Arihant", Electronics Engineering
"GATE Guide Electronics & Communication Engineering 2018", "Ankit Goel", Electronics Engineering
"Gate Guide Electronics & Communication Engineering 2017", "Alka Singh", Electronics Engineering
"Wiley Acing the Gate: Electronics and Communication Engineering", "Handa", Electronics Engineering
"DRDO (CEPTAM) Sr. Tech. Asst. Electronics & Communication Engg.: Senior Technical Assistant Electronics & Communication Engineering", "GKP", Electronics Engineering
"Basic Electronics Engineering And Devices", "GKP", Electronics Engineering
"The Applied Electronics Engineering Handbook", "Anil K. Maini", Electronics Engineering
"GATE 2019 Previous Year Solved Questions Electronics and Communication Engineering", "Varsha Agrawal", Electronics Engineering
"GATE 2015 Electronics & Telecommunication Engineering", "Nakul Maini", Electronics Engineering
"Electronics Engineering", "GKP", Electronics Engineering
"ENGLISH AND HINDI MEDIUM SSC SCIENTIFIC ASSISTANT RRB JE AND SSE: ELECTRONICS ENGINEERING (20180823 Book 176)", "Anish Dixit", Electronics Engineering
"GATE Electronics and Communication Engineering | GATE 2020 | By Pearson", "Robert J. Herrick", Electronics Engineering
"Handbook of Electronics and Communication Engineering", "Kreatryx Publications", Electronics Engineering
"MMIC Transmission Lines, Circuits and Antennas", "Constantine A. Balanis", Electronics Engineering
"Objective Electronics & Communication Engineering", "G.K. Mithal", Electronics Engineering
"ELECTRICAL AND ELECTRONICS ENGINEERING MATERIALS", "G.K. Banerjee", Electronics Engineering
"A Handbook on Electronics Engineering", "Made Easy Team", Electronics Engineering
"Multiple Choice Questions In Electronics And Electrical Engineering", "Thomas J. Davies", Electronics Engineering
"GATE-16 Electronics & Communication Engineering", "ACE Engineering", Electronics Engineering
"Question Bank on Electrical and Electronics Engineering with Question Papers from Various Competitive and Recruitment Examinations Part II", "C. Harish Rai", Electronics Engineering
"Multiple Choice Questions in Electronics and Electrical Engineering", "T.J. Davies", Electronics Engineering
"Trb-Lecturers Electronics And Communication Engineering", "M.PRESH NAVE", Electronics Engineering
"Gate in 75 Days-Electronics and Communication Engineering", "Various", Electronics Engineering
"Basics of Electronics Engineering- APJ Abdul Kalam Kerala Technological University", "Ashish Dixit", Electronics Engineering
"GATE-2020 Electronics & Communication Engineering Previous GATE Questions with Solutions, Subjectwise & Chapterwise", "K.A. Navas", Electronics Engineering
"Chapterwise Previous Years' Solved Papers (2014 - 2000) Gate Electronics and Communication Engineering", "T.A. Suhail", Electronics Engineering
"Basic Electrical, Electronics and Computer Engineering", "ACE Engineering Academy", Electronics Engineering
"Power Electronics Handbook", "Manish Purbey", Electronics Engineering
"Electronics and Communication Engineering Guide for GATE/ PSUs", "R. Muthusubramanian", Electronics Engineering
"Dictionary of Electronics and Communication Engineering", "Fraidoon Mazda", Electronics Engineering
"C for Electronics and Computer Engineering Technology", "Disha Experts", Electronics Engineering
"Visual Basic For Electronics Engineering Applications: 5.0, 6.0, Vba, .Net, 2005", "Engineering Bug", Electronics Engineering
"Electronics Engineering for Professional Engineers' Examinations", "Peter J. Holsberg", Electronics Engineering
"EEE Interview and Viva Questions and Answers in Hindi: Electrical and Electronics Engineering (Learneee1 Book 965078901)", "Learn EEE", Electronics Engineering
"Visual Basic For Electronics Engineering Applications: 5.0, 6.0, Vba, .Net, 2005", "Jagdish Joshi", Electronics Engineering
"BSNL DRDO ISRO - Electronics Engineering: Previous Solved Papers 2016", "Vincent Himpe", Electronics Engineering
"Basic Electronics Engineering Handbook", "Made Easy Team", Electronics Engineering
"TNEB Tangedco Assistant engineer Electrical and Electronics Engineering Exam book", "Ravi Kumar", Electronics Engineering
"Mini Projects for Electronics and Communication Engineering Students", "A Pannel of Authors", Electronics Engineering
"Principles and applications of semiconductor device modeling (Holt, Rinehart and Winston series in electrical engineering, electronics, and systems)", "S. Srinath", Electronics Engineering
"Basic Electrical and Electronics Engineering, 2/E (RGPV June 2011)", "Douglas J.  Hamilton", Electronics Engineering
"ESE2017 Stage1 (Prelims) Electronics & Telecommunication Engineering Objective Volume 1, Previous Objective Questions with solutions, subject wise & chapter wise. (ESE 2017 UPSC Engineering Services Stage1 (Prelims))", "V Mittle", Electronics Engineering
"Electronics Engineering", "Arvind Mittle", Electronics Engineering
"Dictionary of Electronics and Communication Engineering: All Terms of ECE applications", "ACE Engineering", Electronics Engineering
"Wiley Acing the GATE: Electronics and Communication Engineering, 2ed, 2020", "R. Kumar", Electronics Engineering
"GATE Tutor Electronics & Communication Engineering", "Engineering Dictionaries", Electronics Engineering
"DRDO ISRO BSNL : Electronics Engineering : Previous Solved Papers- 2020", "Varsha Agrawal, Nakul Maini Anil K. Maini", Electronics Engineering
"TANCET M.E ENTRANCE - ELECTRICAL & ELECTRONICS ENGINEERING AND INSTRUMENTATION ENGINEERING", "Arihant Experts", Electronics Engineering
"Dictionary of Electronics and Electrical Engineering: English-Japanese-German-Russian", "Made Easy Editorial Board", Electronics Engineering
"GATE Mentor 2016: Electronics and Communication Engineering", "M. PRESHNAVE", Electronics Engineering
"Electrical and Electronics Engineering Formulas", "Yuichi Ishibashi", Electronics Engineering
"Implementing Lead-Free Electronics", "Yuichi Ishibashi", Electronics Engineering
"Question Bank on Electronics & Communication Engineering", "Sandeep Joshi", Electronics Engineering
"Advanced Electrical And Electronics Engineering: Volume 2 (Lecture Notes In Electrical Engineering)", "Jian Lee", Electronics Engineering
"Question Bank in Electronics and Communication Engineering", "Prem R Chadha", Electronics Engineering
"BASIC ELECTRICAL AND ELECTRONICS ENGINEERING: Conceptual Approach", "K.A. Navas", Electronics Engineering
"Understanding Automotive Electronics: An Engineering Perspective", "T.A. Suhail", Electronics Engineering
"Handbook of Modern Electronics and Electrical Engineering", "William Ribbens", Electronics Engineering
"Tancet - Electrical & Electronics Engineering and Instrumentation Engineering, Engineering Mathematics & Basic Engineering Science (3 in 1) Study Materials", "Charles Belove", Electronics Engineering
"Basic Electronics-1 أساسيات الألكترونيات: خطوتك الاولى لأساسيات الكهرباء و الدوائر الألكترونية", "V.SANTHANA KRISHNAN,M.RRESH NAVE DR.ANTONY XAVIER", Electronics Engineering
"Electronics Engineering: Basic Principles & Applications (Sachan Book 13)", "Eng. Mohamed Salem", Electronics Engineering
"Study Guide RRB Electronics and Telecommunication Engineering", "Vibhav Kumar Sachan", Electronics Engineering
"Practice Book for PSUs - Electronics Engineering (3000 Solved Questions)", "GKP", Electronics Engineering
"Electronics and Communication Engineering Question Bank for the Gate", "Made Easy Editorial Board", Electronics Engineering
"Handbook Series of Electronics & Communication Engineering", "Trishna Knowledge Systems", Electronics Engineering
"TANCET M.E Electronics and Communication Engineering", "Arihant Experts", Electronics Engineering
"Made Easy BSNL DRDO ISRO : Electronics Engineering : Previous Solved Papers - 2018", "A panel of Editors", Electronics Engineering
"Question Bank on Electrical and Electronics Engineering with Question Papers from Various Competitive and Recruitment Examinations Part I", "ME Editorial Board", Electronics Engineering
"Basic Electrical and Electronics Engineering | Second Edition", "C. Harish Rai", Electronics Engineering
"Handbook of Electronics Manufacturing Engineering", "D.P. Kothari", Electronics Engineering
"GATE Guide Electronics & Communication Engineering 2016", "I J Nagrath", Electronics Engineering
"GATE Tutor 2016: Electronics & Communication Engineering", "Bernard S. Matisoff", Electronics Engineering
"IES-15 Electronics & Telecommunication Engineering Paper-II", "GKP", Electronics Engineering
"Civil Engineering: Conventional and Objective Type (2018-19 Session)", "R.S. Khurmi", Civil Engineering
"Civil Engineering: Objective Type and Conventional Questions and Answers", "J.K. Gupta", Civil Engineering
"Estimating,Costing,Specification & Valuation In Civil Engineering", "R.Agor", Civil Engineering
"Estimating And Costing in Civil Engineering", "M Chakraborti", Civil Engineering
"Civil Engineering Formulas", "B.N. Dutta", Civil Engineering
"Question Bank in Civil Engineering", "Tyler G. Hicks", Civil Engineering
"The Civil Engineering Handbook", "V.S. Murthy", Civil Engineering
"Civil Engineering: A Very Short Introduction", "R. Sood", Civil Engineering
"Irrigation Engineering And Hydraulic Structures ; For [Civil Engineering Degree Students:  Amie (Section B) Exams New Scheme:  U.P.S.C. And Other State Service Competitions:  And For Professionals]", "Wai-Fah Chen", Civil Engineering
"Civil Engineering Reference Manual for the PE Exam", "J.Y. Richard Liew", Civil Engineering
"Construction Methods for Civil Engineering", "David Muir Wood", Civil Engineering
"Civil Engineering Materials", "Santosh Kumar Garg", Civil Engineering
"Objectives in Civil Engineering", "Michael R. Lindeburg", Civil Engineering
"Construction Materials for Civil Engineering", "Errol Van Amsterdam", Civil Engineering
"A Course in Civil Engineering Drawing", "Shan Somayaji", Civil Engineering
"Made Easy - A Handbook on Civil Engineering", "Shan Somayji", Civil Engineering
"Civil Engineering: Objective Type For Degree Classes And For G.A.T.E. Page Ii", "V.S. Murthy", Civil Engineering
"Civil Engineering Contracts and Estimates, Edition IV", "R. Sood", Civil Engineering
"Estimating and Costing in Civil Engineering: Theory and Practice Including Specifications and Valuation", "Errol Van Amsterdam", Civil Engineering
"Elements of Civil Engineering and Engineering Mechanics", "V.B. Sikka", Civil Engineering
"Civil Engineering PE Exam Secrets Study Guide: Civil Engineering Pe Test Review for the Principles and Practice of Engineering - Civil Engineering Exam", "Civil Engineering PE Exam Secrets Test Prep Team", Civil Engineering
"Civil Engineering MCQ Book: Civil Engineering Multiple Choice Questions ebook", "Objective Books", Civil Engineering
"Objective Type and Conventional Questions and Answers on Civil Engineering for All Types of Examinations & Interviews", "R. Agor", Civil Engineering
"Civil Engineering: Through Objective Type Questions", "S.P. Gupta", Civil Engineering
"Death of an Apprentice: a life in and out of Civil Engineering", "S.S. Gupta", Civil Engineering
"Handbook of Civil Engineering Calculations (McGraw-Hill Handbooks)", "Andrew G. Szava-Kovats", Civil Engineering
"Civil Engineering 5800 + MCQs Practice Book for SSC-JE , Assistant Engineer & Junior Engineer", "Tyler G. Hicks", Civil Engineering
"Structural Dynamics (Prentice-Hall International Series in Civil Engineering and Engineering M)", "Engineers Academy Publications", Civil Engineering
"Civil Engineering: Geotechnical Engineering:  An Ideal Review For The Breath/Depth Exam (Civil Engineering", "Anil K. Chopra", Civil Engineering
"Civil Engineering Quantities", "Braja M. Das", Civil Engineering
"Probability Concepts in Engineering: Emphasis on Applications to Civil and Environmental Engineering, 2e Instructor Site", "Ivor H. Seeley", Civil Engineering
"Civil & Structural Engineering: Seismic Design of Buildings & Bridges", "Alfredo H. Ang", Civil Engineering
"Building And Civil Engineering Claims In Perspective", "Alan       Williams", Civil Engineering
"Civil Engineering FE Exam Preparation Workbook", "Geoffrey Arthur Hughes", Civil Engineering
"The Science and Technology of Civil Engineering Materials", "Mo Iqbal", Civil Engineering
"Civil Engineering Materials", "Ali Iqbal", Civil Engineering
"Machu Picchu: A Civil Engineering Marvel", "J. Francis Young", Civil Engineering
"Drawing for Civil Engineering", "Sidney Mindess", Civil Engineering
"Estimating and Costing in Civil Engineering: Theory and Practice Including Specifications and Valuations", "Parbin Singh", Civil Engineering
"Elements of Civil Engineering & Engineering Mechanics Semester - I / II for VTU", "Kenneth R. Wright", Civil Engineering
"Civil Engineering PE All-In-One Exam Guide: Breadth and Depth", "Indranil Goswami", Civil Engineering
"Handbook of Civil Engineering", "GKP", Civil Engineering
"SSC-JE 2019 Civil Engineering Previous Years Topicwise Objective Detailed Solution with Theory", "IES Master Team", Civil Engineering
"Penguin Dictionary of Civil Engineering", "John S. Scott", Civil Engineering
"Practice Problems for the Civil Engineering PE Exam: A Companion to the Civil Engineering Reference Manual", "Michael R. Lindeburg", Civil Engineering
"Failure Case Studies in Civil Engineering: Structures, Foundations, and the Geoenvironment", "Paula A. Bosela", Civil Engineering
"Estimating and Costing in Civil Engineering", "Pamalee Brady", Civil Engineering
"Ese- 2020 civil engineering topicwise solved paper 1", "Norbert J. Delatte", Civil Engineering
"Civil Engineering", "Dutta B N", Civil Engineering
"Ente Concrete Chinthakal: Essays on Civil Engineering", "IES Master Team", Civil Engineering
"Lighting Design Handbook", "WAGmob", Civil Engineering
"Civil Engineering Drawing", "Ranjith Kannankattil", Civil Engineering
"Civil Engineering: Transportation Engineering Review", "Engineerin Civil Engineering Laboratory", Civil Engineering
"Comprehensive Basic Civil Engineering", "S. Navy U. S. Navy", Civil Engineering
"Statistics in Civil Engineering", "Gurcharan Singh", Civil Engineering
"Civil Engineering For Objective Type Questions & Answers", "James H. Banks", Civil Engineering
"SSC-JE MAINS EXAM CIVIL ENGINEERING SUBJECTWISE CONVENTIONAL SOLVED PAPERS 13 YEARS SOLUTION", "Robert W. Stokes", Civil Engineering
"Civil Engineering Solved Problems", "Ashok Kumar Jain", Civil Engineering
"The New Penguin Dictionary of Civil Engineering", "Anil K. Jain", Civil Engineering
"Civil Engineering Objective Type Questions", "Andrew V. Metcalfe", Civil Engineering
"Objective Civil Engineering", "R. Gupta", Civil Engineering
"Construction and Civil Engineering Companies by Country: Construction and Civil Engineering Companies of Australia", "Rajesh Garg", Civil Engineering
"Civil Engineering PE Exam Secrets Study Guide: Civil Engineering PE Test Review for the Principles and Practice of Engineering - Civil Engineering Exam", "Books LLC", Civil Engineering
"Quick Reference for the Civil Engineering PE Exam", "Civil Engineering PE Exam Secrets Test Prep Team", Civil Engineering
"VTU Elements of Civil Engineering & Mechanics", "Michael R. Lindeburg", Civil Engineering
"Civil Engineering Body of Knowledge: Preparing the Future Civil Engineer, Third Edition", "S.P. Nitsure", Civil Engineering
"Don't Throw This Away!: The Civil Engineering Life", "H.J. Sawant", Civil Engineering
"Estimating for Building & Civil Engineering Work", "Civil Engineering Body of Knowledge 3 Task Committee", Civil Engineering
"Civil Engineering Construction", "Brian Brenner", Civil Engineering
"Construction Industry Research Prospectuses For The 21st Century: Engineering And Construction For Sustainable Development: Technical Report", "Butterworth-Heinemann", Civil Engineering
"Science and Civilisation in China, Volume 4: Physics and physical technology, Part 3: Civil engineering and nautics", "Spence Geddes", Civil Engineering
"CIVIL ENGINEERING (UPPSC AE): UPPSC ASSISTANT ENGINEER (20200102 Book 530)", "James M. Antill", Civil Engineering
"Civil Engineering Estimating Costing & Valuation", "W.S. Ryan", Civil Engineering
"Hydraulics in Civil and Environmental Engineering", "Civil Engineering Research Foundation", Civil Engineering
"Civil Engineering Pe Practice Exams: Breadth and Depth", "Joseph Needham", Civil Engineering
"Civil Engineering Materials and their Testing", "YCT EXPERT TEAM", Civil Engineering
"Introduction to Infrastructure: An Introduction to Civil and Environmental Engineering", "V.N. Vazirani", Civil Engineering
"A History of Civil Engineering: An Outline from Ancient to Modern Times", "Andrew Chadwick", Civil Engineering
"Civil Engineering", "J.C. Morfett", Civil Engineering
"Civil Engineering Specification", "Indranil Goswami", Civil Engineering
"Basic Civil Engineering", "Ramamrutham S", Civil Engineering
"Cesmm4: Civil Engineering Standard Method of Measurement", "Institution of Civil Engineers", Civil Engineering
"Basic Civil Engineering", "Satheesh Gopi", Civil Engineering
"Civil Engineering Materials", "Neil Jackson", Civil Engineering
"Cesmm3 Civil Engineering Standard Method of Measurement", "Ravindra K. Dhir", Civil Engineering
"A Dictionary of Construction, Surveying and Civil Engineering", "Institution of Civil Engineers", Civil Engineering
"Civil Engineering Hydraulics: Essential Theory with Worked Examples", "Christopher Gorse", Civil Engineering
"Basic Civil And Environmental Engineering", "David Johnston", Civil Engineering
"Civil Engineering: Engineering Economics", "Martin Pritchard", Civil Engineering
"Geo Engineering: A Vision For The 21st Century", "C. Nalluri", Civil Engineering
"A Textbook on Elements of Civil Engineering and Mechanics", "Agatha Featherstone", Civil Engineering
"The Language Of Civil Engineering In English", "Martin  Marriott", Civil Engineering
"Civil Engineering Project Management", "Anubha Kaushik", Civil Engineering
"Basic Civil Engineering and Engineering Mechanics", "C.P. Kaushik", Civil Engineering
"Civil Engineering Drawing and Design", "Donald G. Newnan", Civil Engineering
"Estimating for Building and Civil Engineering Works", "Civil Engineering Research Foundation", Civil Engineering
"Basic knowledge in civil engineering: Book of 59 topics including history of civil engineering", "S.S. Bhavikatti", Civil Engineering
"The Atlas of American Architecture: 2000 Years of Architecture, City Planning, Landscape Architecture and Civil Engineering", "Eugene J. Hall", Civil Engineering
"Dictionary of Civil Engineering", "Alan C. Twort", Civil Engineering
"Elements of Civil Engineering and Engineering Mechanics", "R.K. Bansal", Civil Engineering
"Taking Off Quantities: Civil Engineering (Spon's Price Books)", "Tweeds", Civil Engineering
"Civil Engineering All-In-One PE Exam Guide: Breadth and Depth, Third Edition", "Indranil Goswami", Civil Engineering
"Elements of Civil Engineering", "R. Agor", Civil Engineering
"Mind Maps for Civil Engineering Students: Structural", "Andre Banwell", Civil Engineering
"Concise Handbook of Civil Engineering", "V.N. Vazirani", Civil Engineering
"Mind Maps for Civil Engineering Students: Geotechnical", "S.P. Chandola", Civil Engineering
"Civil Engineering", "Andre Banwell", Civil Engineering
"Dictionary Of Civil Engineering", "Knowledge flow", Civil Engineering
"Civil Engineering Contractual Procedures", "Raj Kumar Jat", Civil Engineering
"Indian standard codes: Building material and steel structure IS codes and their description (Civil Book 124534)", "Younish Pathan", Civil Engineering
"Construction Management Fundamentals (McGraw-Hill Series in Civil Engineering)", "John S. Scott", Civil Engineering
"Civil Engineering PE Exam Flashcard Study System: Civil Engineering PE Test Practice Questions & Review for the Principles and Practice of Engineering - Civil Engineering Exam", "Allan Ashworth", Civil Engineering
"Civil Engineering", "Civil engineering Daily", Civil Engineering
"Numerical Methods in Civil Engineering", "Kraig Knutson", Civil Engineering
"Harappan Architecture and Civil Engineering: Contributions to History of Indian Science and Technology Series", "Civil Engineering PE Exam Secrets Test Prep Team", Civil Engineering
"Objective Civil Engineering", "S.Handa & Rangaswamy", Civil Engineering
"Amazing Feats of Civil Engineering", "C.P. Gandhi", Civil Engineering
"Finite Elements for Structural Analysis (Prentice-Hall International Series in Civil Engineering and Engineering Mechanics)", "Jagat Pati Joshi", Civil Engineering
"Construction and Civil Engineering Companies: Taiyo Membrane Corporation, Ghd Group, Chicago Bridge", "P.K. Mishra", Civil Engineering
"Civil Engineering Hydraulics", "L.E. Carmichael", Civil Engineering
"GATE 2018 - Civil Engineering (31 Years Solution)", "IES Master", Civil Engineering
"Civil Engineering Conventional Practice Book Paper-1 and Paper-2 for Assistant Engineer and Junior Engineer", "Engineers Academy Publications", Civil Engineering
"Spon's Civil Engineering And Highway Works Price Book 2010 (Spon's Price Books)", "Davis Langdon", Civil Engineering
"Civil Engineering: Fully Solved Multiple Choice Questions for IES, GATE, PSUs", "B. Singh", Civil Engineering
"Civil Engineering Transportation Engineering PE Exam Review", "James H. Banks", Civil Engineering
"Civil Engineering PE Problems & Solutions", "Lloyd James", Civil Engineering
"Chemical Graph Theory", "James H. Banks", Civil Engineering
"GATE Civil Engineering | GATE 2020 | By Pearson", "Braja M. Das", Civil Engineering
"Control Surveys In Civil Engineering", "Bruce Larock", Civil Engineering
"GATE Civil Engineering 2016", "Nenad Trinajstić", Civil Engineering
"Water Supply Engineering", "Trishna Knowledge Systems", Civil Engineering
"Civil Engineering: Transportation Engineering", "M.A.R. Cooper", Civil Engineering
"There's Adventure in Civil Engineering", "Made Easy", Civil Engineering
"Critical State Soil Mechanics Via Finite Elements (Ellis Horwood Series In Civil Engineering)", "Harold E. Babbitt", Civil Engineering
"Civil Engineering PE Exam Secrets Study Guide: Civil Engineering PE Test Review for the Principles and Practice of Engineering - Civil Engineering Exam by Civil Engineering PE Exam Secrets Test Prep Team, Mometrix Media LLC", "James H. Banks", Civil Engineering
"A Nationwide Survey of Civil Engineering-Related R & D/Cerf Report No, 93-5006 December 1993", "Neil P. Ruzic", Civil Engineering
"Civil Engineer Exam Preparation: Civil engineering Exam Preparation/ civil engineer gifts for men and women, civil engineer Lined Notebook, exam ... 120 Pages 6x9, Soft Cover, Matte Finish", "Frank C. Murphy", Civil Engineering
"Civil Engineering Materials & Construction Practices", "Arul M. Britto", Civil Engineering
"Construction and Civil Engineering Companies of Germany: Hochtief, Heitkamp Ingenieur- Und Kraftwerksbau, Bilfinger Berger, Drees", "Michael Gunn", Civil Engineering
"Fundamentals of Civil Engineering: An Introduction to the ASCE Body of Knowledge", "Civil Engineering PE Exam Secrets Test Prep Team", Civil Engineering
