Ashley,Odonnell,greerheather,greerheather@example.net,"6&wn8GsidV"
Valerie,Allen,evanskathleen,evanskathleen@example.org,"9K6VjCcx0!"
Justin,Osborne,rowlandkelly,rowlandkelly@example.net,"U&2ZcJ$QFB"
Chelsea,King,jasmineruiz,jasmineruiz@example.net,"@72B5Un!c+"
Matthew,Acosta,marie52,marie52@example.com,"D+vK2V!@eq"
Amanda,Lucas,jadewilliams,jadewilliams@example.com,"#^4Tpqe$rl"
Dustin,Lin,derrick98,derrick98@example.net,"580Ejs7C_("
Brady,Gray,alexanderfoster,alexanderfoster@example.net,"@4oI(Zoq!g"
Robert,Bernard,jestrada,jestrada@example.com,"TcjryV7r&9"
Michael,Lowe,wooddaniel,wooddaniel@example.com,"E8ESbZua^h"
Brittany,Stanley,jsnyder,jsnyder@example.net,"*1wQBokvga"
Matthew,Buck,edwardswalter,edwardswalter@example.org,"&0jv7Bgr*X"
Jeremiah,Smith,sbrown,sbrown@example.com,"^6mLSkoY&G"
Taylor,Benitez,bwilson,bwilson@example.net,"_Eo09aGw&A"
Travis,Bell,patricia61,patricia61@example.org,"_T0nIIOmC%"
Trevor,Briggs,christophermorrison,christophermorrison@example.net,"(qVw%O0f2i"
Alexis,Shields,ysmith,ysmith@example.net,"$1C2ImlXR7"
Isabella,Turner,brandihayes,brandihayes@example.net,"33TcO0Gpa+"
Michael,Perez,dsoto,dsoto@example.org,"(L3uHrTIOA"
Gabriel,Navarro,ronaldsmith,ronaldsmith@example.org,"s4WV$0+r#m"
Jean,Alexander,matthewpatterson,matthewpatterson@example.org,"#9FL_gxF!5"
Christine,Walker,jennifer00,jennifer00@example.net,"@wiZ@zY@B1"
Brittany,Padilla,frank85,frank85@example.com,"*vC7TDgsUI"
Alyssa,Grant,jacobporter,jacobporter@example.org,"plXE)8WaSZ"
Matthew,Randall,npeters,npeters@example.net,"zB3S@1Hjwu"
Melissa,Meza,mckinneycheryl,mckinneycheryl@example.com,"wa46)L9K7&"
Patricia,Johnson,stephanie26,stephanie26@example.net,"@EqJh*pnT8"
Kevin,Huynh,jason79,jason79@example.com,"o6MuaQ^S^1"
Cody,Miller,njenkins,njenkins@example.net,"_00ENmsp3p"
Misty,Davis,cookekrystal,cookekrystal@example.net,"_aE2V5!r5e"
Patricia,Rogers,morrisonchristine,morrisonchristine@example.net,"*6OVkhABt*"
Candace,Weaver,dorothy22,dorothy22@example.net,"wsXHeBWL!1"
Noah,Austin,scott60,scott60@example.org,"S^0EEVrX&U"
Rachel,Diaz,jonathangarcia,jonathangarcia@example.org,"(xsRzLuoK2"
Theresa,Perez,tbrooks,tbrooks@example.org,"_m5MyIgV$t"
Micheal,Juarez,hmendez,hmendez@example.net,"&7pqZBww*H"
Chad,Bailey,lmendoza,lmendoza@example.net,"(4rM0nEE(u"
Courtney,Miller,wbrown,wbrown@example.com,"%i_Kile4K3"
Jordan,Scott,tbailey,tbailey@example.org,"*DU8*zwb0y"
Brenda,Wagner,qnguyen,qnguyen@example.com,"2i4Uu6Yg%Z"
Eric,Glover,thomascourtney,thomascourtney@example.net,"%9PIiAeoIy"
Ryan,Garcia,brandon23,brandon23@example.com,"*9xOjf$9(B"
Stephen,Mooney,ashley25,ashley25@example.com,"mH0@PoNe^A"
Nicole,Boyd,ana50,ana50@example.com,"p$LWeZw+%1"
Hayley,Torres,zbass,zbass@example.com,"5)6838M3#r"
Seth,Miller,brenda60,brenda60@example.net,"n29R6fqr#!"
Caitlin,Mitchell,joshuarussell,joshuarussell@example.org,"@gBMTGaA88"
Jared,Clark,smithsuzanne,smithsuzanne@example.net,"68wnMx$p_L"
Wayne,Ramirez,lisashah,lisashah@example.net,"#Xd2RfgXeF"
Brad,Mejia,alejandro84,alejandro84@example.com,"&3Z$L(Nw97"
